id,train_id,service_date,origin_station_id,destination_station_id,departure_at,arrival_at,status,created_at,updated_at
1,1,2024-01-01,1,20,2024-01-01T22:20:00+07:00,2024-01-03T05:45:00+07:00,completed,2024-01-01T22:20:00+07:00,2024-01-01T22:20:00+07:00
2,1,2024-01-02,1,20,2024-01-02T22:20:00+07:00,2024-01-04T05:45:00+07:00,completed,2024-01-02T22:20:00+07:00,2024-01-02T22:20:00+07:00
3,1,2024-01-03,1,20,2024-01-03T22:20:00+07:00,2024-01-05T05:45:00+07:00,completed,2024-01-03T22:20:00+07:00,2024-01-03T22:20:00+07:00
4,1,2024-01-04,1,20,2024-01-04T22:20:00+07:00,2024-01-06T05:45:00+07:00,completed,2024-01-04T22:20:00+07:00,2024-01-04T22:20:00+07:00
5,1,2024-01-05,1,20,2024-01-05T22:20:00+07:00,2024-01-07T05:45:00+07:00,completed,2024-01-05T22:20:00+07:00,2024-01-05T22:20:00+07:00
6,1,2024-01-06,1,20,2024-01-06T22:20:00+07:00,2024-01-08T05:45:00+07:00,completed,2024-01-06T22:20:00+07:00,2024-01-06T22:20:00+07:00
7,1,2024-01-07,1,20,2024-01-07T22:20:00+07:00,2024-01-09T05:45:00+07:00,completed,2024-01-07T22:20:00+07:00,2024-01-07T22:20:00+07:00
8,1,2024-01-08,1,20,2024-01-08T22:20:00+07:00,2024-01-10T05:45:00+07:00,completed,2024-01-08T22:20:00+07:00,2024-01-08T22:20:00+07:00
9,1,2024-01-09,1,20,2024-01-09T22:20:00+07:00,2024-01-11T05:45:00+07:00,completed,2024-01-09T22:20:00+07:00,2024-01-09T22:20:00+07:00
10,1,2024-01-10,1,20,2024-01-10T22:20:00+07:00,2024-01-12T05:45:00+07:00,completed,2024-01-10T22:20:00+07:00,2024-01-10T22:20:00+07:00
11,1,2024-01-11,1,20,2024-01-11T22:20:00+07:00,2024-01-13T05:45:00+07:00,completed,2024-01-11T22:20:00+07:00,2024-01-11T22:20:00+07:00
12,1,2024-01-12,1,20,2024-01-12T22:20:00+07:00,2024-01-14T05:45:00+07:00,completed,2024-01-12T22:20:00+07:00,2024-01-12T22:20:00+07:00
13,1,2024-01-13,1,20,2024-01-13T22:20:00+07:00,2024-01-15T05:45:00+07:00,completed,2024-01-13T22:20:00+07:00,2024-01-13T22:20:00+07:00
14,1,2024-01-14,1,20,2024-01-14T22:20:00+07:00,2024-01-16T05:45:00+07:00,completed,2024-01-14T22:20:00+07:00,2024-01-14T22:20:00+07:00
15,1,2024-01-15,1,20,2024-01-15T22:20:00+07:00,2024-01-17T05:45:00+07:00,completed,2024-01-15T22:20:00+07:00,2024-01-15T22:20:00+07:00
16,1,2024-01-16,1,20,2024-01-16T22:20:00+07:00,2024-01-18T05:45:00+07:00,completed,2024-01-16T22:20:00+07:00,2024-01-16T22:20:00+07:00
17,1,2024-01-17,1,20,2024-01-17T22:20:00+07:00,2024-01-19T05:45:00+07:00,completed,2024-01-17T22:20:00+07:00,2024-01-17T22:20:00+07:00
18,1,2024-01-18,1,20,2024-01-18T22:20:00+07:00,2024-01-20T05:45:00+07:00,completed,2024-01-18T22:20:00+07:00,2024-01-18T22:20:00+07:00
19,1,2024-01-19,1,20,2024-01-19T22:20:00+07:00,2024-01-21T05:45:00+07:00,completed,2024-01-19T22:20:00+07:00,2024-01-19T22:20:00+07:00
20,1,2024-01-20,1,20,2024-01-20T22:20:00+07:00,2024-01-22T05:45:00+07:00,completed,2024-01-20T22:20:00+07:00,2024-01-20T22:20:00+07:00
21,1,2024-01-21,1,20,2024-01-21T22:20:00+07:00,2024-01-23T05:45:00+07:00,completed,2024-01-21T22:20:00+07:00,2024-01-21T22:20:00+07:00
22,1,2024-01-22,1,20,2024-01-22T22:20:00+07:00,2024-01-24T05:45:00+07:00,completed,2024-01-22T22:20:00+07:00,2024-01-22T22:20:00+07:00
23,1,2024-01-23,1,20,2024-01-23T22:20:00+07:00,2024-01-25T05:45:00+07:00,completed,2024-01-23T22:20:00+07:00,2024-01-23T22:20:00+07:00
24,1,2024-01-24,1,20,2024-01-24T22:20:00+07:00,2024-01-26T05:45:00+07:00,completed,2024-01-24T22:20:00+07:00,2024-01-24T22:20:00+07:00
25,1,2024-01-25,1,20,2024-01-25T22:20:00+07:00,2024-01-27T05:45:00+07:00,completed,2024-01-25T22:20:00+07:00,2024-01-25T22:20:00+07:00
26,1,2024-01-26,1,20,2024-01-26T22:20:00+07:00,2024-01-28T05:45:00+07:00,completed,2024-01-26T22:20:00+07:00,2024-01-26T22:20:00+07:00
27,1,2024-01-27,1,20,2024-01-27T22:20:00+07:00,2024-01-29T05:45:00+07:00,completed,2024-01-27T22:20:00+07:00,2024-01-27T22:20:00+07:00
28,1,2024-01-28,1,20,2024-01-28T22:20:00+07:00,2024-01-30T05:45:00+07:00,completed,2024-01-28T22:20:00+07:00,2024-01-28T22:20:00+07:00
29,1,2024-01-29,1,20,2024-01-29T22:20:00+07:00,2024-01-31T05:45:00+07:00,completed,2024-01-29T22:20:00+07:00,2024-01-29T22:20:00+07:00
30,1,2024-01-30,1,20,2024-01-30T22:20:00+07:00,2024-02-01T05:45:00+07:00,completed,2024-01-30T22:20:00+07:00,2024-01-30T22:20:00+07:00
31,1,2024-01-31,1,20,2024-01-31T22:20:00+07:00,2024-02-02T05:45:00+07:00,completed,2024-01-31T22:20:00+07:00,2024-01-31T22:20:00+07:00
32,1,2024-02-01,1,20,2024-02-01T22:20:00+07:00,2024-02-03T05:45:00+07:00,completed,2024-02-01T22:20:00+07:00,2024-02-01T22:20:00+07:00
33,1,2024-02-02,1,20,2024-02-02T22:20:00+07:00,2024-02-04T05:45:00+07:00,completed,2024-02-02T22:20:00+07:00,2024-02-02T22:20:00+07:00
34,1,2024-02-03,1,20,2024-02-03T22:20:00+07:00,2024-02-05T05:45:00+07:00,completed,2024-02-03T22:20:00+07:00,2024-02-03T22:20:00+07:00
35,1,2024-02-04,1,20,2024-02-04T22:20:00+07:00,2024-02-06T05:45:00+07:00,completed,2024-02-04T22:20:00+07:00,2024-02-04T22:20:00+07:00
36,1,2024-02-05,1,20,2024-02-05T22:20:00+07:00,2024-02-07T05:45:00+07:00,completed,2024-02-05T22:20:00+07:00,2024-02-05T22:20:00+07:00
37,1,2024-02-06,1,20,2024-02-06T22:20:00+07:00,2024-02-08T05:45:00+07:00,completed,2024-02-06T22:20:00+07:00,2024-02-06T22:20:00+07:00
38,1,2024-02-07,1,20,2024-02-07T22:20:00+07:00,2024-02-09T05:45:00+07:00,completed,2024-02-07T22:20:00+07:00,2024-02-07T22:20:00+07:00
39,1,2024-02-08,1,20,2024-02-08T22:20:00+07:00,2024-02-10T05:45:00+07:00,completed,2024-02-08T22:20:00+07:00,2024-02-08T22:20:00+07:00
40,1,2024-02-09,1,20,2024-02-09T22:20:00+07:00,2024-02-11T05:45:00+07:00,completed,2024-02-09T22:20:00+07:00,2024-02-09T22:20:00+07:00
41,1,2024-02-10,1,20,2024-02-10T22:20:00+07:00,2024-02-12T05:45:00+07:00,completed,2024-02-10T22:20:00+07:00,2024-02-10T22:20:00+07:00
42,1,2024-02-11,1,20,2024-02-11T22:20:00+07:00,2024-02-13T05:45:00+07:00,completed,2024-02-11T22:20:00+07:00,2024-02-11T22:20:00+07:00
43,1,2024-02-12,1,20,2024-02-12T22:20:00+07:00,2024-02-14T05:45:00+07:00,completed,2024-02-12T22:20:00+07:00,2024-02-12T22:20:00+07:00
44,1,2024-02-13,1,20,2024-02-13T22:20:00+07:00,2024-02-15T05:45:00+07:00,completed,2024-02-13T22:20:00+07:00,2024-02-13T22:20:00+07:00
45,1,2024-02-14,1,20,2024-02-14T22:20:00+07:00,2024-02-16T05:45:00+07:00,completed,2024-02-14T22:20:00+07:00,2024-02-14T22:20:00+07:00
46,1,2024-02-15,1,20,2024-02-15T22:20:00+07:00,2024-02-17T05:45:00+07:00,completed,2024-02-15T22:20:00+07:00,2024-02-15T22:20:00+07:00
47,1,2024-02-16,1,20,2024-02-16T22:20:00+07:00,2024-02-18T05:45:00+07:00,completed,2024-02-16T22:20:00+07:00,2024-02-16T22:20:00+07:00
48,1,2024-02-17,1,20,2024-02-17T22:20:00+07:00,2024-02-19T05:45:00+07:00,completed,2024-02-17T22:20:00+07:00,2024-02-17T22:20:00+07:00
49,1,2024-02-18,1,20,2024-02-18T22:20:00+07:00,2024-02-20T05:45:00+07:00,completed,2024-02-18T22:20:00+07:00,2024-02-18T22:20:00+07:00
50,1,2024-02-19,1,20,2024-02-19T22:20:00+07:00,2024-02-21T05:45:00+07:00,completed,2024-02-19T22:20:00+07:00,2024-02-19T22:20:00+07:00
51,1,2024-02-20,1,20,2024-02-20T22:20:00+07:00,2024-02-22T05:45:00+07:00,completed,2024-02-20T22:20:00+07:00,2024-02-20T22:20:00+07:00
52,1,2024-02-21,1,20,2024-02-21T22:20:00+07:00,2024-02-23T05:45:00+07:00,completed,2024-02-21T22:20:00+07:00,2024-02-21T22:20:00+07:00
53,1,2024-02-22,1,20,2024-02-22T22:20:00+07:00,2024-02-24T05:45:00+07:00,completed,2024-02-22T22:20:00+07:00,2024-02-22T22:20:00+07:00
54,1,2024-02-23,1,20,2024-02-23T22:20:00+07:00,2024-02-25T05:45:00+07:00,completed,2024-02-23T22:20:00+07:00,2024-02-23T22:20:00+07:00
55,1,2024-02-24,1,20,2024-02-24T22:20:00+07:00,2024-02-26T05:45:00+07:00,completed,2024-02-24T22:20:00+07:00,2024-02-24T22:20:00+07:00
56,1,2024-02-25,1,20,2024-02-25T22:20:00+07:00,2024-02-27T05:45:00+07:00,completed,2024-02-25T22:20:00+07:00,2024-02-25T22:20:00+07:00
57,1,2024-02-26,1,20,2024-02-26T22:20:00+07:00,2024-02-28T05:45:00+07:00,completed,2024-02-26T22:20:00+07:00,2024-02-26T22:20:00+07:00
58,1,2024-02-27,1,20,2024-02-27T22:20:00+07:00,2024-02-29T05:45:00+07:00,completed,2024-02-27T22:20:00+07:00,2024-02-27T22:20:00+07:00
59,1,2024-02-28,1,20,2024-02-28T22:20:00+07:00,2024-03-01T05:45:00+07:00,completed,2024-02-28T22:20:00+07:00,2024-02-28T22:20:00+07:00
60,1,2024-02-29,1,20,2024-02-29T22:20:00+07:00,2024-03-02T05:45:00+07:00,completed,2024-02-29T22:20:00+07:00,2024-02-29T22:20:00+07:00
61,1,2024-03-01,1,20,2024-03-01T22:20:00+07:00,2024-03-03T05:45:00+07:00,completed,2024-03-01T22:20:00+07:00,2024-03-01T22:20:00+07:00
62,1,2024-03-02,1,20,2024-03-02T22:20:00+07:00,2024-03-04T05:45:00+07:00,completed,2024-03-02T22:20:00+07:00,2024-03-02T22:20:00+07:00
63,1,2024-03-03,1,20,2024-03-03T22:20:00+07:00,2024-03-05T05:45:00+07:00,completed,2024-03-03T22:20:00+07:00,2024-03-03T22:20:00+07:00
64,1,2024-03-04,1,20,2024-03-04T22:20:00+07:00,2024-03-06T05:45:00+07:00,completed,2024-03-04T22:20:00+07:00,2024-03-04T22:20:00+07:00
65,1,2024-03-05,1,20,2024-03-05T22:20:00+07:00,2024-03-07T05:45:00+07:00,completed,2024-03-05T22:20:00+07:00,2024-03-05T22:20:00+07:00
66,1,2024-03-06,1,20,2024-03-06T22:20:00+07:00,2024-03-08T05:45:00+07:00,completed,2024-03-06T22:20:00+07:00,2024-03-06T22:20:00+07:00
67,1,2024-03-07,1,20,2024-03-07T22:20:00+07:00,2024-03-09T05:45:00+07:00,completed,2024-03-07T22:20:00+07:00,2024-03-07T22:20:00+07:00
68,1,2024-03-08,1,20,2024-03-08T22:20:00+07:00,2024-03-10T05:45:00+07:00,completed,2024-03-08T22:20:00+07:00,2024-03-08T22:20:00+07:00
69,1,2024-03-09,1,20,2024-03-09T22:20:00+07:00,2024-03-11T05:45:00+07:00,completed,2024-03-09T22:20:00+07:00,2024-03-09T22:20:00+07:00
70,1,2024-03-10,1,20,2024-03-10T22:20:00+07:00,2024-03-12T05:45:00+07:00,completed,2024-03-10T22:20:00+07:00,2024-03-10T22:20:00+07:00
71,1,2024-03-11,1,20,2024-03-11T22:20:00+07:00,2024-03-13T05:45:00+07:00,completed,2024-03-11T22:20:00+07:00,2024-03-11T22:20:00+07:00
72,1,2024-03-12,1,20,2024-03-12T22:20:00+07:00,2024-03-14T05:45:00+07:00,completed,2024-03-12T22:20:00+07:00,2024-03-12T22:20:00+07:00
73,1,2024-03-13,1,20,2024-03-13T22:20:00+07:00,2024-03-15T05:45:00+07:00,completed,2024-03-13T22:20:00+07:00,2024-03-13T22:20:00+07:00
74,1,2024-03-14,1,20,2024-03-14T22:20:00+07:00,2024-03-16T05:45:00+07:00,completed,2024-03-14T22:20:00+07:00,2024-03-14T22:20:00+07:00
75,1,2024-03-15,1,20,2024-03-15T22:20:00+07:00,2024-03-17T05:45:00+07:00,completed,2024-03-15T22:20:00+07:00,2024-03-15T22:20:00+07:00
76,1,2024-03-16,1,20,2024-03-16T22:20:00+07:00,2024-03-18T05:45:00+07:00,completed,2024-03-16T22:20:00+07:00,2024-03-16T22:20:00+07:00
77,1,2024-03-17,1,20,2024-03-17T22:20:00+07:00,2024-03-19T05:45:00+07:00,completed,2024-03-17T22:20:00+07:00,2024-03-17T22:20:00+07:00
78,1,2024-03-18,1,20,2024-03-18T22:20:00+07:00,2024-03-20T05:45:00+07:00,completed,2024-03-18T22:20:00+07:00,2024-03-18T22:20:00+07:00
79,1,2024-03-19,1,20,2024-03-19T22:20:00+07:00,2024-03-21T05:45:00+07:00,completed,2024-03-19T22:20:00+07:00,2024-03-19T22:20:00+07:00
80,1,2024-03-20,1,20,2024-03-20T22:20:00+07:00,2024-03-22T05:45:00+07:00,completed,2024-03-20T22:20:00+07:00,2024-03-20T22:20:00+07:00
81,1,2024-03-21,1,20,2024-03-21T22:20:00+07:00,2024-03-23T05:45:00+07:00,completed,2024-03-21T22:20:00+07:00,2024-03-21T22:20:00+07:00
82,1,2024-03-22,1,20,2024-03-22T22:20:00+07:00,2024-03-24T05:45:00+07:00,completed,2024-03-22T22:20:00+07:00,2024-03-22T22:20:00+07:00
83,1,2024-03-23,1,20,2024-03-23T22:20:00+07:00,2024-03-25T05:45:00+07:00,completed,2024-03-23T22:20:00+07:00,2024-03-23T22:20:00+07:00
84,1,2024-03-24,1,20,2024-03-24T22:20:00+07:00,2024-03-26T05:45:00+07:00,completed,2024-03-24T22:20:00+07:00,2024-03-24T22:20:00+07:00
85,1,2024-03-25,1,20,2024-03-25T22:20:00+07:00,2024-03-27T05:45:00+07:00,completed,2024-03-25T22:20:00+07:00,2024-03-25T22:20:00+07:00
86,1,2024-03-26,1,20,2024-03-26T22:20:00+07:00,2024-03-28T05:45:00+07:00,completed,2024-03-26T22:20:00+07:00,2024-03-26T22:20:00+07:00
87,1,2024-03-27,1,20,2024-03-27T22:20:00+07:00,2024-03-29T05:45:00+07:00,completed,2024-03-27T22:20:00+07:00,2024-03-27T22:20:00+07:00
88,1,2024-03-28,1,20,2024-03-28T22:20:00+07:00,2024-03-30T05:45:00+07:00,completed,2024-03-28T22:20:00+07:00,2024-03-28T22:20:00+07:00
89,1,2024-03-29,1,20,2024-03-29T22:20:00+07:00,2024-03-31T05:45:00+07:00,completed,2024-03-29T22:20:00+07:00,2024-03-29T22:20:00+07:00
90,1,2024-03-30,1,20,2024-03-30T22:20:00+07:00,2024-04-01T05:45:00+07:00,completed,2024-03-30T22:20:00+07:00,2024-03-30T22:20:00+07:00
91,1,2024-03-31,1,20,2024-03-31T22:20:00+07:00,2024-04-02T05:45:00+07:00,completed,2024-03-31T22:20:00+07:00,2024-03-31T22:20:00+07:00
92,1,2024-04-01,1,20,2024-04-01T22:20:00+07:00,2024-04-03T05:45:00+07:00,completed,2024-04-01T22:20:00+07:00,2024-04-01T22:20:00+07:00
93,1,2024-04-02,1,20,2024-04-02T22:20:00+07:00,2024-04-04T05:45:00+07:00,completed,2024-04-02T22:20:00+07:00,2024-04-02T22:20:00+07:00
94,1,2024-04-03,1,20,2024-04-03T22:20:00+07:00,2024-04-05T05:45:00+07:00,completed,2024-04-03T22:20:00+07:00,2024-04-03T22:20:00+07:00
95,1,2024-04-04,1,20,2024-04-04T22:20:00+07:00,2024-04-06T05:45:00+07:00,completed,2024-04-04T22:20:00+07:00,2024-04-04T22:20:00+07:00
96,1,2024-04-05,1,20,2024-04-05T22:20:00+07:00,2024-04-07T05:45:00+07:00,completed,2024-04-05T22:20:00+07:00,2024-04-05T22:20:00+07:00
97,1,2024-04-06,1,20,2024-04-06T22:20:00+07:00,2024-04-08T05:45:00+07:00,completed,2024-04-06T22:20:00+07:00,2024-04-06T22:20:00+07:00
98,1,2024-04-07,1,20,2024-04-07T22:20:00+07:00,2024-04-09T05:45:00+07:00,completed,2024-04-07T22:20:00+07:00,2024-04-07T22:20:00+07:00
99,1,2024-04-08,1,20,2024-04-08T22:20:00+07:00,2024-04-10T05:45:00+07:00,completed,2024-04-08T22:20:00+07:00,2024-04-08T22:20:00+07:00
100,1,2024-04-09,1,20,2024-04-09T22:20:00+07:00,2024-04-11T05:45:00+07:00,completed,2024-04-09T22:20:00+07:00,2024-04-09T22:20:00+07:00
101,1,2024-04-10,1,20,2024-04-10T22:20:00+07:00,2024-04-12T05:45:00+07:00,completed,2024-04-10T22:20:00+07:00,2024-04-10T22:20:00+07:00
102,1,2024-04-11,1,20,2024-04-11T22:20:00+07:00,2024-04-13T05:45:00+07:00,completed,2024-04-11T22:20:00+07:00,2024-04-11T22:20:00+07:00
103,1,2024-04-12,1,20,2024-04-12T22:20:00+07:00,2024-04-14T05:45:00+07:00,completed,2024-04-12T22:20:00+07:00,2024-04-12T22:20:00+07:00
104,1,2024-04-13,1,20,2024-04-13T22:20:00+07:00,2024-04-15T05:45:00+07:00,completed,2024-04-13T22:20:00+07:00,2024-04-13T22:20:00+07:00
105,1,2024-04-14,1,20,2024-04-14T22:20:00+07:00,2024-04-16T05:45:00+07:00,completed,2024-04-14T22:20:00+07:00,2024-04-14T22:20:00+07:00
106,1,2024-04-15,1,20,2024-04-15T22:20:00+07:00,2024-04-17T05:45:00+07:00,completed,2024-04-15T22:20:00+07:00,2024-04-15T22:20:00+07:00
107,1,2024-04-16,1,20,2024-04-16T22:20:00+07:00,2024-04-18T05:45:00+07:00,completed,2024-04-16T22:20:00+07:00,2024-04-16T22:20:00+07:00
108,1,2024-04-17,1,20,2024-04-17T22:20:00+07:00,2024-04-19T05:45:00+07:00,completed,2024-04-17T22:20:00+07:00,2024-04-17T22:20:00+07:00
109,1,2024-04-18,1,20,2024-04-18T22:20:00+07:00,2024-04-20T05:45:00+07:00,completed,2024-04-18T22:20:00+07:00,2024-04-18T22:20:00+07:00
110,1,2024-04-19,1,20,2024-04-19T22:20:00+07:00,2024-04-21T05:45:00+07:00,completed,2024-04-19T22:20:00+07:00,2024-04-19T22:20:00+07:00
111,1,2024-04-20,1,20,2024-04-20T22:20:00+07:00,2024-04-22T05:45:00+07:00,completed,2024-04-20T22:20:00+07:00,2024-04-20T22:20:00+07:00
112,1,2024-04-21,1,20,2024-04-21T22:20:00+07:00,2024-04-23T05:45:00+07:00,completed,2024-04-21T22:20:00+07:00,2024-04-21T22:20:00+07:00
113,1,2024-04-22,1,20,2024-04-22T22:20:00+07:00,2024-04-24T05:45:00+07:00,completed,2024-04-22T22:20:00+07:00,2024-04-22T22:20:00+07:00
114,1,2024-04-23,1,20,2024-04-23T22:20:00+07:00,2024-04-25T05:45:00+07:00,completed,2024-04-23T22:20:00+07:00,2024-04-23T22:20:00+07:00
115,1,2024-04-24,1,20,2024-04-24T22:20:00+07:00,2024-04-26T05:45:00+07:00,completed,2024-04-24T22:20:00+07:00,2024-04-24T22:20:00+07:00
116,1,2024-04-25,1,20,2024-04-25T22:20:00+07:00,2024-04-27T05:45:00+07:00,completed,2024-04-25T22:20:00+07:00,2024-04-25T22:20:00+07:00
117,1,2024-04-26,1,20,2024-04-26T22:20:00+07:00,2024-04-28T05:45:00+07:00,completed,2024-04-26T22:20:00+07:00,2024-04-26T22:20:00+07:00
118,1,2024-04-27,1,20,2024-04-27T22:20:00+07:00,2024-04-29T05:45:00+07:00,completed,2024-04-27T22:20:00+07:00,2024-04-27T22:20:00+07:00
119,1,2024-04-28,1,20,2024-04-28T22:20:00+07:00,2024-04-30T05:45:00+07:00,completed,2024-04-28T22:20:00+07:00,2024-04-28T22:20:00+07:00
120,1,2024-04-29,1,20,2024-04-29T22:20:00+07:00,2024-05-01T05:45:00+07:00,completed,2024-04-29T22:20:00+07:00,2024-04-29T22:20:00+07:00
121,1,2024-04-30,1,20,2024-04-30T22:20:00+07:00,2024-05-02T05:45:00+07:00,completed,2024-04-30T22:20:00+07:00,2024-04-30T22:20:00+07:00
122,1,2024-05-01,1,20,2024-05-01T22:20:00+07:00,2024-05-03T05:45:00+07:00,completed,2024-05-01T22:20:00+07:00,2024-05-01T22:20:00+07:00
123,1,2024-05-02,1,20,2024-05-02T22:20:00+07:00,2024-05-04T05:45:00+07:00,completed,2024-05-02T22:20:00+07:00,2024-05-02T22:20:00+07:00
124,1,2024-05-03,1,20,2024-05-03T22:20:00+07:00,2024-05-05T05:45:00+07:00,completed,2024-05-03T22:20:00+07:00,2024-05-03T22:20:00+07:00
125,1,2024-05-04,1,20,2024-05-04T22:20:00+07:00,2024-05-06T05:45:00+07:00,completed,2024-05-04T22:20:00+07:00,2024-05-04T22:20:00+07:00
126,1,2024-05-05,1,20,2024-05-05T22:20:00+07:00,2024-05-07T05:45:00+07:00,completed,2024-05-05T22:20:00+07:00,2024-05-05T22:20:00+07:00
127,1,2024-05-06,1,20,2024-05-06T22:20:00+07:00,2024-05-08T05:45:00+07:00,completed,2024-05-06T22:20:00+07:00,2024-05-06T22:20:00+07:00
128,1,2024-05-07,1,20,2024-05-07T22:20:00+07:00,2024-05-09T05:45:00+07:00,completed,2024-05-07T22:20:00+07:00,2024-05-07T22:20:00+07:00
129,1,2024-05-08,1,20,2024-05-08T22:20:00+07:00,2024-05-10T05:45:00+07:00,completed,2024-05-08T22:20:00+07:00,2024-05-08T22:20:00+07:00
130,1,2024-05-09,1,20,2024-05-09T22:20:00+07:00,2024-05-11T05:45:00+07:00,completed,2024-05-09T22:20:00+07:00,2024-05-09T22:20:00+07:00
131,1,2024-05-10,1,20,2024-05-10T22:20:00+07:00,2024-05-12T05:45:00+07:00,completed,2024-05-10T22:20:00+07:00,2024-05-10T22:20:00+07:00
132,1,2024-05-11,1,20,2024-05-11T22:20:00+07:00,2024-05-13T05:45:00+07:00,completed,2024-05-11T22:20:00+07:00,2024-05-11T22:20:00+07:00
133,1,2024-05-12,1,20,2024-05-12T22:20:00+07:00,2024-05-14T05:45:00+07:00,completed,2024-05-12T22:20:00+07:00,2024-05-12T22:20:00+07:00
134,1,2024-05-13,1,20,2024-05-13T22:20:00+07:00,2024-05-15T05:45:00+07:00,completed,2024-05-13T22:20:00+07:00,2024-05-13T22:20:00+07:00
135,1,2024-05-14,1,20,2024-05-14T22:20:00+07:00,2024-05-16T05:45:00+07:00,completed,2024-05-14T22:20:00+07:00,2024-05-14T22:20:00+07:00
136,1,2024-05-15,1,20,2024-05-15T22:20:00+07:00,2024-05-17T05:45:00+07:00,completed,2024-05-15T22:20:00+07:00,2024-05-15T22:20:00+07:00
137,1,2024-05-16,1,20,2024-05-16T22:20:00+07:00,2024-05-18T05:45:00+07:00,completed,2024-05-16T22:20:00+07:00,2024-05-16T22:20:00+07:00
138,1,2024-05-17,1,20,2024-05-17T22:20:00+07:00,2024-05-19T05:45:00+07:00,completed,2024-05-17T22:20:00+07:00,2024-05-17T22:20:00+07:00
139,1,2024-05-18,1,20,2024-05-18T22:20:00+07:00,2024-05-20T05:45:00+07:00,completed,2024-05-18T22:20:00+07:00,2024-05-18T22:20:00+07:00
140,1,2024-05-19,1,20,2024-05-19T22:20:00+07:00,2024-05-21T05:45:00+07:00,completed,2024-05-19T22:20:00+07:00,2024-05-19T22:20:00+07:00
141,1,2024-05-20,1,20,2024-05-20T22:20:00+07:00,2024-05-22T05:45:00+07:00,completed,2024-05-20T22:20:00+07:00,2024-05-20T22:20:00+07:00
142,1,2024-05-21,1,20,2024-05-21T22:20:00+07:00,2024-05-23T05:45:00+07:00,completed,2024-05-21T22:20:00+07:00,2024-05-21T22:20:00+07:00
143,1,2024-05-22,1,20,2024-05-22T22:20:00+07:00,2024-05-24T05:45:00+07:00,completed,2024-05-22T22:20:00+07:00,2024-05-22T22:20:00+07:00
144,1,2024-05-23,1,20,2024-05-23T22:20:00+07:00,2024-05-25T05:45:00+07:00,completed,2024-05-23T22:20:00+07:00,2024-05-23T22:20:00+07:00
145,1,2024-05-24,1,20,2024-05-24T22:20:00+07:00,2024-05-26T05:45:00+07:00,completed,2024-05-24T22:20:00+07:00,2024-05-24T22:20:00+07:00
146,1,2024-05-25,1,20,2024-05-25T22:20:00+07:00,2024-05-27T05:45:00+07:00,completed,2024-05-25T22:20:00+07:00,2024-05-25T22:20:00+07:00
147,1,2024-05-26,1,20,2024-05-26T22:20:00+07:00,2024-05-28T05:45:00+07:00,completed,2024-05-26T22:20:00+07:00,2024-05-26T22:20:00+07:00
148,1,2024-05-27,1,20,2024-05-27T22:20:00+07:00,2024-05-29T05:45:00+07:00,completed,2024-05-27T22:20:00+07:00,2024-05-27T22:20:00+07:00
149,1,2024-05-28,1,20,2024-05-28T22:20:00+07:00,2024-05-30T05:45:00+07:00,completed,2024-05-28T22:20:00+07:00,2024-05-28T22:20:00+07:00
150,1,2024-05-29,1,20,2024-05-29T22:20:00+07:00,2024-05-31T05:45:00+07:00,completed,2024-05-29T22:20:00+07:00,2024-05-29T22:20:00+07:00
151,1,2024-05-30,1,20,2024-05-30T22:20:00+07:00,2024-06-01T05:45:00+07:00,completed,2024-05-30T22:20:00+07:00,2024-05-30T22:20:00+07:00
152,1,2024-05-31,1,20,2024-05-31T22:20:00+07:00,2024-06-02T05:45:00+07:00,completed,2024-05-31T22:20:00+07:00,2024-05-31T22:20:00+07:00
153,1,2024-06-01,1,20,2024-06-01T22:20:00+07:00,2024-06-03T05:45:00+07:00,completed,2024-06-01T22:20:00+07:00,2024-06-01T22:20:00+07:00
154,1,2024-06-02,1,20,2024-06-02T22:20:00+07:00,2024-06-04T05:45:00+07:00,completed,2024-06-02T22:20:00+07:00,2024-06-02T22:20:00+07:00
155,1,2024-06-03,1,20,2024-06-03T22:20:00+07:00,2024-06-05T05:45:00+07:00,completed,2024-06-03T22:20:00+07:00,2024-06-03T22:20:00+07:00
156,1,2024-06-04,1,20,2024-06-04T22:20:00+07:00,2024-06-06T05:45:00+07:00,completed,2024-06-04T22:20:00+07:00,2024-06-04T22:20:00+07:00
157,1,2024-06-05,1,20,2024-06-05T22:20:00+07:00,2024-06-07T05:45:00+07:00,completed,2024-06-05T22:20:00+07:00,2024-06-05T22:20:00+07:00
158,1,2024-06-06,1,20,2024-06-06T22:20:00+07:00,2024-06-08T05:45:00+07:00,completed,2024-06-06T22:20:00+07:00,2024-06-06T22:20:00+07:00
159,1,2024-06-07,1,20,2024-06-07T22:20:00+07:00,2024-06-09T05:45:00+07:00,completed,2024-06-07T22:20:00+07:00,2024-06-07T22:20:00+07:00
160,1,2024-06-08,1,20,2024-06-08T22:20:00+07:00,2024-06-10T05:45:00+07:00,completed,2024-06-08T22:20:00+07:00,2024-06-08T22:20:00+07:00
161,1,2024-06-09,1,20,2024-06-09T22:20:00+07:00,2024-06-11T05:45:00+07:00,completed,2024-06-09T22:20:00+07:00,2024-06-09T22:20:00+07:00
162,1,2024-06-10,1,20,2024-06-10T22:20:00+07:00,2024-06-12T05:45:00+07:00,completed,2024-06-10T22:20:00+07:00,2024-06-10T22:20:00+07:00
163,1,2024-06-11,1,20,2024-06-11T22:20:00+07:00,2024-06-13T05:45:00+07:00,completed,2024-06-11T22:20:00+07:00,2024-06-11T22:20:00+07:00
164,1,2024-06-12,1,20,2024-06-12T22:20:00+07:00,2024-06-14T05:45:00+07:00,completed,2024-06-12T22:20:00+07:00,2024-06-12T22:20:00+07:00
165,1,2024-06-13,1,20,2024-06-13T22:20:00+07:00,2024-06-15T05:45:00+07:00,completed,2024-06-13T22:20:00+07:00,2024-06-13T22:20:00+07:00
166,1,2024-06-14,1,20,2024-06-14T22:20:00+07:00,2024-06-16T05:45:00+07:00,completed,2024-06-14T22:20:00+07:00,2024-06-14T22:20:00+07:00
167,1,2024-06-15,1,20,2024-06-15T22:20:00+07:00,2024-06-17T05:45:00+07:00,completed,2024-06-15T22:20:00+07:00,2024-06-15T22:20:00+07:00
168,1,2024-06-16,1,20,2024-06-16T22:20:00+07:00,2024-06-18T05:45:00+07:00,completed,2024-06-16T22:20:00+07:00,2024-06-16T22:20:00+07:00
169,1,2024-06-17,1,20,2024-06-17T22:20:00+07:00,2024-06-19T05:45:00+07:00,completed,2024-06-17T22:20:00+07:00,2024-06-17T22:20:00+07:00
170,1,2024-06-18,1,20,2024-06-18T22:20:00+07:00,2024-06-20T05:45:00+07:00,completed,2024-06-18T22:20:00+07:00,2024-06-18T22:20:00+07:00
171,1,2024-06-19,1,20,2024-06-19T22:20:00+07:00,2024-06-21T05:45:00+07:00,completed,2024-06-19T22:20:00+07:00,2024-06-19T22:20:00+07:00
172,1,2024-06-20,1,20,2024-06-20T22:20:00+07:00,2024-06-22T05:45:00+07:00,completed,2024-06-20T22:20:00+07:00,2024-06-20T22:20:00+07:00
173,1,2024-06-21,1,20,2024-06-21T22:20:00+07:00,2024-06-23T05:45:00+07:00,completed,2024-06-21T22:20:00+07:00,2024-06-21T22:20:00+07:00
174,1,2024-06-22,1,20,2024-06-22T22:20:00+07:00,2024-06-24T05:45:00+07:00,completed,2024-06-22T22:20:00+07:00,2024-06-22T22:20:00+07:00
175,1,2024-06-23,1,20,2024-06-23T22:20:00+07:00,2024-06-25T05:45:00+07:00,completed,2024-06-23T22:20:00+07:00,2024-06-23T22:20:00+07:00
176,1,2024-06-24,1,20,2024-06-24T22:20:00+07:00,2024-06-26T05:45:00+07:00,completed,2024-06-24T22:20:00+07:00,2024-06-24T22:20:00+07:00
177,1,2024-06-25,1,20,2024-06-25T22:20:00+07:00,2024-06-27T05:45:00+07:00,completed,2024-06-25T22:20:00+07:00,2024-06-25T22:20:00+07:00
178,1,2024-06-26,1,20,2024-06-26T22:20:00+07:00,2024-06-28T05:45:00+07:00,completed,2024-06-26T22:20:00+07:00,2024-06-26T22:20:00+07:00
179,1,2024-06-27,1,20,2024-06-27T22:20:00+07:00,2024-06-29T05:45:00+07:00,completed,2024-06-27T22:20:00+07:00,2024-06-27T22:20:00+07:00
180,1,2024-06-28,1,20,2024-06-28T22:20:00+07:00,2024-06-30T05:45:00+07:00,completed,2024-06-28T22:20:00+07:00,2024-06-28T22:20:00+07:00
181,1,2024-06-29,1,20,2024-06-29T22:20:00+07:00,2024-07-01T05:45:00+07:00,completed,2024-06-29T22:20:00+07:00,2024-06-29T22:20:00+07:00
182,1,2024-06-30,1,20,2024-06-30T22:20:00+07:00,2024-07-02T05:45:00+07:00,completed,2024-06-30T22:20:00+07:00,2024-06-30T22:20:00+07:00
183,1,2024-07-01,1,20,2024-07-01T22:20:00+07:00,2024-07-03T05:45:00+07:00,completed,2024-07-01T22:20:00+07:00,2024-07-01T22:20:00+07:00
184,1,2024-07-02,1,20,2024-07-02T22:20:00+07:00,2024-07-04T05:45:00+07:00,completed,2024-07-02T22:20:00+07:00,2024-07-02T22:20:00+07:00
185,1,2024-07-03,1,20,2024-07-03T22:20:00+07:00,2024-07-05T05:45:00+07:00,completed,2024-07-03T22:20:00+07:00,2024-07-03T22:20:00+07:00
186,1,2024-07-04,1,20,2024-07-04T22:20:00+07:00,2024-07-06T05:45:00+07:00,completed,2024-07-04T22:20:00+07:00,2024-07-04T22:20:00+07:00
187,1,2024-07-05,1,20,2024-07-05T22:20:00+07:00,2024-07-07T05:45:00+07:00,completed,2024-07-05T22:20:00+07:00,2024-07-05T22:20:00+07:00
188,1,2024-07-06,1,20,2024-07-06T22:20:00+07:00,2024-07-08T05:45:00+07:00,completed,2024-07-06T22:20:00+07:00,2024-07-06T22:20:00+07:00
189,1,2024-07-07,1,20,2024-07-07T22:20:00+07:00,2024-07-09T05:45:00+07:00,completed,2024-07-07T22:20:00+07:00,2024-07-07T22:20:00+07:00
190,1,2024-07-08,1,20,2024-07-08T22:20:00+07:00,2024-07-10T05:45:00+07:00,completed,2024-07-08T22:20:00+07:00,2024-07-08T22:20:00+07:00
191,1,2024-07-09,1,20,2024-07-09T22:20:00+07:00,2024-07-11T05:45:00+07:00,completed,2024-07-09T22:20:00+07:00,2024-07-09T22:20:00+07:00
192,1,2024-07-10,1,20,2024-07-10T22:20:00+07:00,2024-07-12T05:45:00+07:00,completed,2024-07-10T22:20:00+07:00,2024-07-10T22:20:00+07:00
193,1,2024-07-11,1,20,2024-07-11T22:20:00+07:00,2024-07-13T05:45:00+07:00,completed,2024-07-11T22:20:00+07:00,2024-07-11T22:20:00+07:00
194,1,2024-07-12,1,20,2024-07-12T22:20:00+07:00,2024-07-14T05:45:00+07:00,completed,2024-07-12T22:20:00+07:00,2024-07-12T22:20:00+07:00
195,1,2024-07-13,1,20,2024-07-13T22:20:00+07:00,2024-07-15T05:45:00+07:00,completed,2024-07-13T22:20:00+07:00,2024-07-13T22:20:00+07:00
196,1,2024-07-14,1,20,2024-07-14T22:20:00+07:00,2024-07-16T05:45:00+07:00,completed,2024-07-14T22:20:00+07:00,2024-07-14T22:20:00+07:00
197,1,2024-07-15,1,20,2024-07-15T22:20:00+07:00,2024-07-17T05:45:00+07:00,completed,2024-07-15T22:20:00+07:00,2024-07-15T22:20:00+07:00
198,1,2024-07-16,1,20,2024-07-16T22:20:00+07:00,2024-07-18T05:45:00+07:00,completed,2024-07-16T22:20:00+07:00,2024-07-16T22:20:00+07:00
199,1,2024-07-17,1,20,2024-07-17T22:20:00+07:00,2024-07-19T05:45:00+07:00,completed,2024-07-17T22:20:00+07:00,2024-07-17T22:20:00+07:00
200,1,2024-07-18,1,20,2024-07-18T22:20:00+07:00,2024-07-20T05:45:00+07:00,completed,2024-07-18T22:20:00+07:00,2024-07-18T22:20:00+07:00
201,1,2024-07-19,1,20,2024-07-19T22:20:00+07:00,2024-07-21T05:45:00+07:00,completed,2024-07-19T22:20:00+07:00,2024-07-19T22:20:00+07:00
202,1,2024-07-20,1,20,2024-07-20T22:20:00+07:00,2024-07-22T05:45:00+07:00,completed,2024-07-20T22:20:00+07:00,2024-07-20T22:20:00+07:00
203,1,2024-07-21,1,20,2024-07-21T22:20:00+07:00,2024-07-23T05:45:00+07:00,completed,2024-07-21T22:20:00+07:00,2024-07-21T22:20:00+07:00
204,1,2024-07-22,1,20,2024-07-22T22:20:00+07:00,2024-07-24T05:45:00+07:00,completed,2024-07-22T22:20:00+07:00,2024-07-22T22:20:00+07:00
205,1,2024-07-23,1,20,2024-07-23T22:20:00+07:00,2024-07-25T05:45:00+07:00,completed,2024-07-23T22:20:00+07:00,2024-07-23T22:20:00+07:00
206,1,2024-07-24,1,20,2024-07-24T22:20:00+07:00,2024-07-26T05:45:00+07:00,completed,2024-07-24T22:20:00+07:00,2024-07-24T22:20:00+07:00
207,1,2024-07-25,1,20,2024-07-25T22:20:00+07:00,2024-07-27T05:45:00+07:00,completed,2024-07-25T22:20:00+07:00,2024-07-25T22:20:00+07:00
208,1,2024-07-26,1,20,2024-07-26T22:20:00+07:00,2024-07-28T05:45:00+07:00,completed,2024-07-26T22:20:00+07:00,2024-07-26T22:20:00+07:00
209,1,2024-07-27,1,20,2024-07-27T22:20:00+07:00,2024-07-29T05:45:00+07:00,completed,2024-07-27T22:20:00+07:00,2024-07-27T22:20:00+07:00
210,1,2024-07-28,1,20,2024-07-28T22:20:00+07:00,2024-07-30T05:45:00+07:00,completed,2024-07-28T22:20:00+07:00,2024-07-28T22:20:00+07:00
211,1,2024-07-29,1,20,2024-07-29T22:20:00+07:00,2024-07-31T05:45:00+07:00,completed,2024-07-29T22:20:00+07:00,2024-07-29T22:20:00+07:00
212,1,2024-07-30,1,20,2024-07-30T22:20:00+07:00,2024-08-01T05:45:00+07:00,completed,2024-07-30T22:20:00+07:00,2024-07-30T22:20:00+07:00
213,1,2024-07-31,1,20,2024-07-31T22:20:00+07:00,2024-08-02T05:45:00+07:00,completed,2024-07-31T22:20:00+07:00,2024-07-31T22:20:00+07:00
214,1,2024-08-01,1,20,2024-08-01T22:20:00+07:00,2024-08-03T05:45:00+07:00,completed,2024-08-01T22:20:00+07:00,2024-08-01T22:20:00+07:00
215,1,2024-08-02,1,20,2024-08-02T22:20:00+07:00,2024-08-04T05:45:00+07:00,completed,2024-08-02T22:20:00+07:00,2024-08-02T22:20:00+07:00
216,1,2024-08-03,1,20,2024-08-03T22:20:00+07:00,2024-08-05T05:45:00+07:00,completed,2024-08-03T22:20:00+07:00,2024-08-03T22:20:00+07:00
217,1,2024-08-04,1,20,2024-08-04T22:20:00+07:00,2024-08-06T05:45:00+07:00,completed,2024-08-04T22:20:00+07:00,2024-08-04T22:20:00+07:00
218,1,2024-08-05,1,20,2024-08-05T22:20:00+07:00,2024-08-07T05:45:00+07:00,completed,2024-08-05T22:20:00+07:00,2024-08-05T22:20:00+07:00
219,1,2024-08-06,1,20,2024-08-06T22:20:00+07:00,2024-08-08T05:45:00+07:00,completed,2024-08-06T22:20:00+07:00,2024-08-06T22:20:00+07:00
220,1,2024-08-07,1,20,2024-08-07T22:20:00+07:00,2024-08-09T05:45:00+07:00,completed,2024-08-07T22:20:00+07:00,2024-08-07T22:20:00+07:00
221,1,2024-08-08,1,20,2024-08-08T22:20:00+07:00,2024-08-10T05:45:00+07:00,completed,2024-08-08T22:20:00+07:00,2024-08-08T22:20:00+07:00
222,1,2024-08-09,1,20,2024-08-09T22:20:00+07:00,2024-08-11T05:45:00+07:00,completed,2024-08-09T22:20:00+07:00,2024-08-09T22:20:00+07:00
223,1,2024-08-10,1,20,2024-08-10T22:20:00+07:00,2024-08-12T05:45:00+07:00,completed,2024-08-10T22:20:00+07:00,2024-08-10T22:20:00+07:00
224,1,2024-08-11,1,20,2024-08-11T22:20:00+07:00,2024-08-13T05:45:00+07:00,completed,2024-08-11T22:20:00+07:00,2024-08-11T22:20:00+07:00
225,1,2024-08-12,1,20,2024-08-12T22:20:00+07:00,2024-08-14T05:45:00+07:00,completed,2024-08-12T22:20:00+07:00,2024-08-12T22:20:00+07:00
226,1,2024-08-13,1,20,2024-08-13T22:20:00+07:00,2024-08-15T05:45:00+07:00,completed,2024-08-13T22:20:00+07:00,2024-08-13T22:20:00+07:00
227,1,2024-08-14,1,20,2024-08-14T22:20:00+07:00,2024-08-16T05:45:00+07:00,completed,2024-08-14T22:20:00+07:00,2024-08-14T22:20:00+07:00
228,1,2024-08-15,1,20,2024-08-15T22:20:00+07:00,2024-08-17T05:45:00+07:00,completed,2024-08-15T22:20:00+07:00,2024-08-15T22:20:00+07:00
229,1,2024-08-16,1,20,2024-08-16T22:20:00+07:00,2024-08-18T05:45:00+07:00,completed,2024-08-16T22:20:00+07:00,2024-08-16T22:20:00+07:00
230,1,2024-08-17,1,20,2024-08-17T22:20:00+07:00,2024-08-19T05:45:00+07:00,completed,2024-08-17T22:20:00+07:00,2024-08-17T22:20:00+07:00
231,1,2024-08-18,1,20,2024-08-18T22:20:00+07:00,2024-08-20T05:45:00+07:00,completed,2024-08-18T22:20:00+07:00,2024-08-18T22:20:00+07:00
232,1,2024-08-19,1,20,2024-08-19T22:20:00+07:00,2024-08-21T05:45:00+07:00,completed,2024-08-19T22:20:00+07:00,2024-08-19T22:20:00+07:00
233,1,2024-08-20,1,20,2024-08-20T22:20:00+07:00,2024-08-22T05:45:00+07:00,completed,2024-08-20T22:20:00+07:00,2024-08-20T22:20:00+07:00
234,1,2024-08-21,1,20,2024-08-21T22:20:00+07:00,2024-08-23T05:45:00+07:00,completed,2024-08-21T22:20:00+07:00,2024-08-21T22:20:00+07:00
235,1,2024-08-22,1,20,2024-08-22T22:20:00+07:00,2024-08-24T05:45:00+07:00,completed,2024-08-22T22:20:00+07:00,2024-08-22T22:20:00+07:00
236,1,2024-08-23,1,20,2024-08-23T22:20:00+07:00,2024-08-25T05:45:00+07:00,completed,2024-08-23T22:20:00+07:00,2024-08-23T22:20:00+07:00
237,1,2024-08-24,1,20,2024-08-24T22:20:00+07:00,2024-08-26T05:45:00+07:00,completed,2024-08-24T22:20:00+07:00,2024-08-24T22:20:00+07:00
238,1,2024-08-25,1,20,2024-08-25T22:20:00+07:00,2024-08-27T05:45:00+07:00,completed,2024-08-25T22:20:00+07:00,2024-08-25T22:20:00+07:00
239,1,2024-08-26,1,20,2024-08-26T22:20:00+07:00,2024-08-28T05:45:00+07:00,completed,2024-08-26T22:20:00+07:00,2024-08-26T22:20:00+07:00
240,1,2024-08-27,1,20,2024-08-27T22:20:00+07:00,2024-08-29T05:45:00+07:00,completed,2024-08-27T22:20:00+07:00,2024-08-27T22:20:00+07:00
241,1,2024-08-28,1,20,2024-08-28T22:20:00+07:00,2024-08-30T05:45:00+07:00,completed,2024-08-28T22:20:00+07:00,2024-08-28T22:20:00+07:00
242,1,2024-08-29,1,20,2024-08-29T22:20:00+07:00,2024-08-31T05:45:00+07:00,completed,2024-08-29T22:20:00+07:00,2024-08-29T22:20:00+07:00
243,1,2024-08-30,1,20,2024-08-30T22:20:00+07:00,2024-09-01T05:45:00+07:00,completed,2024-08-30T22:20:00+07:00,2024-08-30T22:20:00+07:00
244,1,2024-08-31,1,20,2024-08-31T22:20:00+07:00,2024-09-02T05:45:00+07:00,completed,2024-08-31T22:20:00+07:00,2024-08-31T22:20:00+07:00
245,1,2024-09-01,1,20,2024-09-01T22:20:00+07:00,2024-09-03T05:45:00+07:00,completed,2024-09-01T22:20:00+07:00,2024-09-01T22:20:00+07:00
246,1,2024-09-02,1,20,2024-09-02T22:20:00+07:00,2024-09-04T05:45:00+07:00,completed,2024-09-02T22:20:00+07:00,2024-09-02T22:20:00+07:00
247,1,2024-09-03,1,20,2024-09-03T22:20:00+07:00,2024-09-05T05:45:00+07:00,completed,2024-09-03T22:20:00+07:00,2024-09-03T22:20:00+07:00
248,1,2024-09-04,1,20,2024-09-04T22:20:00+07:00,2024-09-06T05:45:00+07:00,completed,2024-09-04T22:20:00+07:00,2024-09-04T22:20:00+07:00
249,1,2024-09-05,1,20,2024-09-05T22:20:00+07:00,2024-09-07T05:45:00+07:00,completed,2024-09-05T22:20:00+07:00,2024-09-05T22:20:00+07:00
250,1,2024-09-06,1,20,2024-09-06T22:20:00+07:00,2024-09-08T05:45:00+07:00,completed,2024-09-06T22:20:00+07:00,2024-09-06T22:20:00+07:00
251,1,2024-09-07,1,20,2024-09-07T22:20:00+07:00,2024-09-09T05:45:00+07:00,completed,2024-09-07T22:20:00+07:00,2024-09-07T22:20:00+07:00
252,1,2024-09-08,1,20,2024-09-08T22:20:00+07:00,2024-09-10T05:45:00+07:00,completed,2024-09-08T22:20:00+07:00,2024-09-08T22:20:00+07:00
253,1,2024-09-09,1,20,2024-09-09T22:20:00+07:00,2024-09-11T05:45:00+07:00,completed,2024-09-09T22:20:00+07:00,2024-09-09T22:20:00+07:00
254,1,2024-09-10,1,20,2024-09-10T22:20:00+07:00,2024-09-12T05:45:00+07:00,completed,2024-09-10T22:20:00+07:00,2024-09-10T22:20:00+07:00
255,1,2024-09-11,1,20,2024-09-11T22:20:00+07:00,2024-09-13T05:45:00+07:00,completed,2024-09-11T22:20:00+07:00,2024-09-11T22:20:00+07:00
256,1,2024-09-12,1,20,2024-09-12T22:20:00+07:00,2024-09-14T05:45:00+07:00,completed,2024-09-12T22:20:00+07:00,2024-09-12T22:20:00+07:00
257,1,2024-09-13,1,20,2024-09-13T22:20:00+07:00,2024-09-15T05:45:00+07:00,completed,2024-09-13T22:20:00+07:00,2024-09-13T22:20:00+07:00
258,1,2024-09-14,1,20,2024-09-14T22:20:00+07:00,2024-09-16T05:45:00+07:00,completed,2024-09-14T22:20:00+07:00,2024-09-14T22:20:00+07:00
259,1,2024-09-15,1,20,2024-09-15T22:20:00+07:00,2024-09-17T05:45:00+07:00,completed,2024-09-15T22:20:00+07:00,2024-09-15T22:20:00+07:00
260,1,2024-09-16,1,20,2024-09-16T22:20:00+07:00,2024-09-18T05:45:00+07:00,completed,2024-09-16T22:20:00+07:00,2024-09-16T22:20:00+07:00
261,1,2024-09-17,1,20,2024-09-17T22:20:00+07:00,2024-09-19T05:45:00+07:00,completed,2024-09-17T22:20:00+07:00,2024-09-17T22:20:00+07:00
262,1,2024-09-18,1,20,2024-09-18T22:20:00+07:00,2024-09-20T05:45:00+07:00,completed,2024-09-18T22:20:00+07:00,2024-09-18T22:20:00+07:00
263,1,2024-09-19,1,20,2024-09-19T22:20:00+07:00,2024-09-21T05:45:00+07:00,completed,2024-09-19T22:20:00+07:00,2024-09-19T22:20:00+07:00
264,1,2024-09-20,1,20,2024-09-20T22:20:00+07:00,2024-09-22T05:45:00+07:00,completed,2024-09-20T22:20:00+07:00,2024-09-20T22:20:00+07:00
265,1,2024-09-21,1,20,2024-09-21T22:20:00+07:00,2024-09-23T05:45:00+07:00,completed,2024-09-21T22:20:00+07:00,2024-09-21T22:20:00+07:00
266,1,2024-09-22,1,20,2024-09-22T22:20:00+07:00,2024-09-24T05:45:00+07:00,completed,2024-09-22T22:20:00+07:00,2024-09-22T22:20:00+07:00
267,1,2024-09-23,1,20,2024-09-23T22:20:00+07:00,2024-09-25T05:45:00+07:00,completed,2024-09-23T22:20:00+07:00,2024-09-23T22:20:00+07:00
268,1,2024-09-24,1,20,2024-09-24T22:20:00+07:00,2024-09-26T05:45:00+07:00,completed,2024-09-24T22:20:00+07:00,2024-09-24T22:20:00+07:00
269,1,2024-09-25,1,20,2024-09-25T22:20:00+07:00,2024-09-27T05:45:00+07:00,completed,2024-09-25T22:20:00+07:00,2024-09-25T22:20:00+07:00
270,1,2024-09-26,1,20,2024-09-26T22:20:00+07:00,2024-09-28T05:45:00+07:00,completed,2024-09-26T22:20:00+07:00,2024-09-26T22:20:00+07:00
271,1,2024-09-27,1,20,2024-09-27T22:20:00+07:00,2024-09-29T05:45:00+07:00,completed,2024-09-27T22:20:00+07:00,2024-09-27T22:20:00+07:00
272,1,2024-09-28,1,20,2024-09-28T22:20:00+07:00,2024-09-30T05:45:00+07:00,completed,2024-09-28T22:20:00+07:00,2024-09-28T22:20:00+07:00
273,1,2024-09-29,1,20,2024-09-29T22:20:00+07:00,2024-10-01T05:45:00+07:00,completed,2024-09-29T22:20:00+07:00,2024-09-29T22:20:00+07:00
274,1,2024-09-30,1,20,2024-09-30T22:20:00+07:00,2024-10-02T05:45:00+07:00,completed,2024-09-30T22:20:00+07:00,2024-09-30T22:20:00+07:00
275,1,2024-10-01,1,20,2024-10-01T22:20:00+07:00,2024-10-03T05:45:00+07:00,completed,2024-10-01T22:20:00+07:00,2024-10-01T22:20:00+07:00
276,1,2024-10-02,1,20,2024-10-02T22:20:00+07:00,2024-10-04T05:45:00+07:00,completed,2024-10-02T22:20:00+07:00,2024-10-02T22:20:00+07:00
277,1,2024-10-03,1,20,2024-10-03T22:20:00+07:00,2024-10-05T05:45:00+07:00,completed,2024-10-03T22:20:00+07:00,2024-10-03T22:20:00+07:00
278,1,2024-10-04,1,20,2024-10-04T22:20:00+07:00,2024-10-06T05:45:00+07:00,completed,2024-10-04T22:20:00+07:00,2024-10-04T22:20:00+07:00
279,1,2024-10-05,1,20,2024-10-05T22:20:00+07:00,2024-10-07T05:45:00+07:00,completed,2024-10-05T22:20:00+07:00,2024-10-05T22:20:00+07:00
280,1,2024-10-06,1,20,2024-10-06T22:20:00+07:00,2024-10-08T05:45:00+07:00,completed,2024-10-06T22:20:00+07:00,2024-10-06T22:20:00+07:00
281,1,2024-10-07,1,20,2024-10-07T22:20:00+07:00,2024-10-09T05:45:00+07:00,completed,2024-10-07T22:20:00+07:00,2024-10-07T22:20:00+07:00
282,1,2024-10-08,1,20,2024-10-08T22:20:00+07:00,2024-10-10T05:45:00+07:00,completed,2024-10-08T22:20:00+07:00,2024-10-08T22:20:00+07:00
283,1,2024-10-09,1,20,2024-10-09T22:20:00+07:00,2024-10-11T05:45:00+07:00,completed,2024-10-09T22:20:00+07:00,2024-10-09T22:20:00+07:00
284,1,2024-10-10,1,20,2024-10-10T22:20:00+07:00,2024-10-12T05:45:00+07:00,completed,2024-10-10T22:20:00+07:00,2024-10-10T22:20:00+07:00
285,1,2024-10-11,1,20,2024-10-11T22:20:00+07:00,2024-10-13T05:45:00+07:00,completed,2024-10-11T22:20:00+07:00,2024-10-11T22:20:00+07:00
286,1,2024-10-12,1,20,2024-10-12T22:20:00+07:00,2024-10-14T05:45:00+07:00,completed,2024-10-12T22:20:00+07:00,2024-10-12T22:20:00+07:00
287,1,2024-10-13,1,20,2024-10-13T22:20:00+07:00,2024-10-15T05:45:00+07:00,completed,2024-10-13T22:20:00+07:00,2024-10-13T22:20:00+07:00
288,1,2024-10-14,1,20,2024-10-14T22:20:00+07:00,2024-10-16T05:45:00+07:00,completed,2024-10-14T22:20:00+07:00,2024-10-14T22:20:00+07:00
289,1,2024-10-15,1,20,2024-10-15T22:20:00+07:00,2024-10-17T05:45:00+07:00,completed,2024-10-15T22:20:00+07:00,2024-10-15T22:20:00+07:00
290,1,2024-10-16,1,20,2024-10-16T22:20:00+07:00,2024-10-18T05:45:00+07:00,completed,2024-10-16T22:20:00+07:00,2024-10-16T22:20:00+07:00
291,1,2024-10-17,1,20,2024-10-17T22:20:00+07:00,2024-10-19T05:45:00+07:00,completed,2024-10-17T22:20:00+07:00,2024-10-17T22:20:00+07:00
292,1,2024-10-18,1,20,2024-10-18T22:20:00+07:00,2024-10-20T05:45:00+07:00,completed,2024-10-18T22:20:00+07:00,2024-10-18T22:20:00+07:00
293,1,2024-10-19,1,20,2024-10-19T22:20:00+07:00,2024-10-21T05:45:00+07:00,completed,2024-10-19T22:20:00+07:00,2024-10-19T22:20:00+07:00
294,1,2024-10-20,1,20,2024-10-20T22:20:00+07:00,2024-10-22T05:45:00+07:00,completed,2024-10-20T22:20:00+07:00,2024-10-20T22:20:00+07:00
295,1,2024-10-21,1,20,2024-10-21T22:20:00+07:00,2024-10-23T05:45:00+07:00,completed,2024-10-21T22:20:00+07:00,2024-10-21T22:20:00+07:00
296,1,2024-10-22,1,20,2024-10-22T22:20:00+07:00,2024-10-24T05:45:00+07:00,completed,2024-10-22T22:20:00+07:00,2024-10-22T22:20:00+07:00
297,1,2024-10-23,1,20,2024-10-23T22:20:00+07:00,2024-10-25T05:45:00+07:00,completed,2024-10-23T22:20:00+07:00,2024-10-23T22:20:00+07:00
298,1,2024-10-24,1,20,2024-10-24T22:20:00+07:00,2024-10-26T05:45:00+07:00,completed,2024-10-24T22:20:00+07:00,2024-10-24T22:20:00+07:00
299,1,2024-10-25,1,20,2024-10-25T22:20:00+07:00,2024-10-27T05:45:00+07:00,completed,2024-10-25T22:20:00+07:00,2024-10-25T22:20:00+07:00
300,1,2024-10-26,1,20,2024-10-26T22:20:00+07:00,2024-10-28T05:45:00+07:00,completed,2024-10-26T22:20:00+07:00,2024-10-26T22:20:00+07:00
301,1,2024-10-27,1,20,2024-10-27T22:20:00+07:00,2024-10-29T05:45:00+07:00,completed,2024-10-27T22:20:00+07:00,2024-10-27T22:20:00+07:00
302,1,2024-10-28,1,20,2024-10-28T22:20:00+07:00,2024-10-30T05:45:00+07:00,completed,2024-10-28T22:20:00+07:00,2024-10-28T22:20:00+07:00
303,1,2024-10-29,1,20,2024-10-29T22:20:00+07:00,2024-10-31T05:45:00+07:00,completed,2024-10-29T22:20:00+07:00,2024-10-29T22:20:00+07:00
304,1,2024-10-30,1,20,2024-10-30T22:20:00+07:00,2024-11-01T05:45:00+07:00,completed,2024-10-30T22:20:00+07:00,2024-10-30T22:20:00+07:00
305,1,2024-10-31,1,20,2024-10-31T22:20:00+07:00,2024-11-02T05:45:00+07:00,completed,2024-10-31T22:20:00+07:00,2024-10-31T22:20:00+07:00
306,1,2024-11-01,1,20,2024-11-01T22:20:00+07:00,2024-11-03T05:45:00+07:00,completed,2024-11-01T22:20:00+07:00,2024-11-01T22:20:00+07:00
307,1,2024-11-02,1,20,2024-11-02T22:20:00+07:00,2024-11-04T05:45:00+07:00,completed,2024-11-02T22:20:00+07:00,2024-11-02T22:20:00+07:00
308,1,2024-11-03,1,20,2024-11-03T22:20:00+07:00,2024-11-05T05:45:00+07:00,completed,2024-11-03T22:20:00+07:00,2024-11-03T22:20:00+07:00
309,1,2024-11-04,1,20,2024-11-04T22:20:00+07:00,2024-11-06T05:45:00+07:00,completed,2024-11-04T22:20:00+07:00,2024-11-04T22:20:00+07:00
310,1,2024-11-05,1,20,2024-11-05T22:20:00+07:00,2024-11-07T05:45:00+07:00,completed,2024-11-05T22:20:00+07:00,2024-11-05T22:20:00+07:00
311,1,2024-11-06,1,20,2024-11-06T22:20:00+07:00,2024-11-08T05:45:00+07:00,completed,2024-11-06T22:20:00+07:00,2024-11-06T22:20:00+07:00
312,1,2024-11-07,1,20,2024-11-07T22:20:00+07:00,2024-11-09T05:45:00+07:00,completed,2024-11-07T22:20:00+07:00,2024-11-07T22:20:00+07:00
313,1,2024-11-08,1,20,2024-11-08T22:20:00+07:00,2024-11-10T05:45:00+07:00,completed,2024-11-08T22:20:00+07:00,2024-11-08T22:20:00+07:00
314,1,2024-11-09,1,20,2024-11-09T22:20:00+07:00,2024-11-11T05:45:00+07:00,completed,2024-11-09T22:20:00+07:00,2024-11-09T22:20:00+07:00
315,1,2024-11-10,1,20,2024-11-10T22:20:00+07:00,2024-11-12T05:45:00+07:00,completed,2024-11-10T22:20:00+07:00,2024-11-10T22:20:00+07:00
316,1,2024-11-11,1,20,2024-11-11T22:20:00+07:00,2024-11-13T05:45:00+07:00,completed,2024-11-11T22:20:00+07:00,2024-11-11T22:20:00+07:00
317,1,2024-11-12,1,20,2024-11-12T22:20:00+07:00,2024-11-14T05:45:00+07:00,completed,2024-11-12T22:20:00+07:00,2024-11-12T22:20:00+07:00
318,1,2024-11-13,1,20,2024-11-13T22:20:00+07:00,2024-11-15T05:45:00+07:00,completed,2024-11-13T22:20:00+07:00,2024-11-13T22:20:00+07:00
319,1,2024-11-14,1,20,2024-11-14T22:20:00+07:00,2024-11-16T05:45:00+07:00,completed,2024-11-14T22:20:00+07:00,2024-11-14T22:20:00+07:00
320,1,2024-11-15,1,20,2024-11-15T22:20:00+07:00,2024-11-17T05:45:00+07:00,completed,2024-11-15T22:20:00+07:00,2024-11-15T22:20:00+07:00
321,1,2024-11-16,1,20,2024-11-16T22:20:00+07:00,2024-11-18T05:45:00+07:00,completed,2024-11-16T22:20:00+07:00,2024-11-16T22:20:00+07:00
322,1,2024-11-17,1,20,2024-11-17T22:20:00+07:00,2024-11-19T05:45:00+07:00,completed,2024-11-17T22:20:00+07:00,2024-11-17T22:20:00+07:00
323,1,2024-11-18,1,20,2024-11-18T22:20:00+07:00,2024-11-20T05:45:00+07:00,completed,2024-11-18T22:20:00+07:00,2024-11-18T22:20:00+07:00
324,1,2024-11-19,1,20,2024-11-19T22:20:00+07:00,2024-11-21T05:45:00+07:00,completed,2024-11-19T22:20:00+07:00,2024-11-19T22:20:00+07:00
325,1,2024-11-20,1,20,2024-11-20T22:20:00+07:00,2024-11-22T05:45:00+07:00,completed,2024-11-20T22:20:00+07:00,2024-11-20T22:20:00+07:00
326,1,2024-11-21,1,20,2024-11-21T22:20:00+07:00,2024-11-23T05:45:00+07:00,completed,2024-11-21T22:20:00+07:00,2024-11-21T22:20:00+07:00
327,1,2024-11-22,1,20,2024-11-22T22:20:00+07:00,2024-11-24T05:45:00+07:00,completed,2024-11-22T22:20:00+07:00,2024-11-22T22:20:00+07:00
328,1,2024-11-23,1,20,2024-11-23T22:20:00+07:00,2024-11-25T05:45:00+07:00,completed,2024-11-23T22:20:00+07:00,2024-11-23T22:20:00+07:00
329,1,2024-11-24,1,20,2024-11-24T22:20:00+07:00,2024-11-26T05:45:00+07:00,completed,2024-11-24T22:20:00+07:00,2024-11-24T22:20:00+07:00
330,1,2024-11-25,1,20,2024-11-25T22:20:00+07:00,2024-11-27T05:45:00+07:00,completed,2024-11-25T22:20:00+07:00,2024-11-25T22:20:00+07:00
331,1,2024-11-26,1,20,2024-11-26T22:20:00+07:00,2024-11-28T05:45:00+07:00,completed,2024-11-26T22:20:00+07:00,2024-11-26T22:20:00+07:00
332,1,2024-11-27,1,20,2024-11-27T22:20:00+07:00,2024-11-29T05:45:00+07:00,completed,2024-11-27T22:20:00+07:00,2024-11-27T22:20:00+07:00
333,1,2024-11-28,1,20,2024-11-28T22:20:00+07:00,2024-11-30T05:45:00+07:00,completed,2024-11-28T22:20:00+07:00,2024-11-28T22:20:00+07:00
334,1,2024-11-29,1,20,2024-11-29T22:20:00+07:00,2024-12-01T05:45:00+07:00,completed,2024-11-29T22:20:00+07:00,2024-11-29T22:20:00+07:00
335,1,2024-11-30,1,20,2024-11-30T22:20:00+07:00,2024-12-02T05:45:00+07:00,completed,2024-11-30T22:20:00+07:00,2024-11-30T22:20:00+07:00
336,1,2024-12-01,1,20,2024-12-01T22:20:00+07:00,2024-12-03T05:45:00+07:00,completed,2024-12-01T22:20:00+07:00,2024-12-01T22:20:00+07:00
337,1,2024-12-02,1,20,2024-12-02T22:20:00+07:00,2024-12-04T05:45:00+07:00,completed,2024-12-02T22:20:00+07:00,2024-12-02T22:20:00+07:00
338,1,2024-12-03,1,20,2024-12-03T22:20:00+07:00,2024-12-05T05:45:00+07:00,completed,2024-12-03T22:20:00+07:00,2024-12-03T22:20:00+07:00
339,1,2024-12-04,1,20,2024-12-04T22:20:00+07:00,2024-12-06T05:45:00+07:00,completed,2024-12-04T22:20:00+07:00,2024-12-04T22:20:00+07:00
340,1,2024-12-05,1,20,2024-12-05T22:20:00+07:00,2024-12-07T05:45:00+07:00,completed,2024-12-05T22:20:00+07:00,2024-12-05T22:20:00+07:00
341,1,2024-12-06,1,20,2024-12-06T22:20:00+07:00,2024-12-08T05:45:00+07:00,completed,2024-12-06T22:20:00+07:00,2024-12-06T22:20:00+07:00
342,1,2024-12-07,1,20,2024-12-07T22:20:00+07:00,2024-12-09T05:45:00+07:00,completed,2024-12-07T22:20:00+07:00,2024-12-07T22:20:00+07:00
343,1,2024-12-08,1,20,2024-12-08T22:20:00+07:00,2024-12-10T05:45:00+07:00,completed,2024-12-08T22:20:00+07:00,2024-12-08T22:20:00+07:00
344,1,2024-12-09,1,20,2024-12-09T22:20:00+07:00,2024-12-11T05:45:00+07:00,completed,2024-12-09T22:20:00+07:00,2024-12-09T22:20:00+07:00
345,1,2024-12-10,1,20,2024-12-10T22:20:00+07:00,2024-12-12T05:45:00+07:00,completed,2024-12-10T22:20:00+07:00,2024-12-10T22:20:00+07:00
346,1,2024-12-11,1,20,2024-12-11T22:20:00+07:00,2024-12-13T05:45:00+07:00,completed,2024-12-11T22:20:00+07:00,2024-12-11T22:20:00+07:00
347,1,2024-12-12,1,20,2024-12-12T22:20:00+07:00,2024-12-14T05:45:00+07:00,completed,2024-12-12T22:20:00+07:00,2024-12-12T22:20:00+07:00
348,1,2024-12-13,1,20,2024-12-13T22:20:00+07:00,2024-12-15T05:45:00+07:00,completed,2024-12-13T22:20:00+07:00,2024-12-13T22:20:00+07:00
349,1,2024-12-14,1,20,2024-12-14T22:20:00+07:00,2024-12-16T05:45:00+07:00,completed,2024-12-14T22:20:00+07:00,2024-12-14T22:20:00+07:00
350,1,2024-12-15,1,20,2024-12-15T22:20:00+07:00,2024-12-17T05:45:00+07:00,completed,2024-12-15T22:20:00+07:00,2024-12-15T22:20:00+07:00
351,1,2024-12-16,1,20,2024-12-16T22:20:00+07:00,2024-12-18T05:45:00+07:00,completed,2024-12-16T22:20:00+07:00,2024-12-16T22:20:00+07:00
352,1,2024-12-17,1,20,2024-12-17T22:20:00+07:00,2024-12-19T05:45:00+07:00,completed,2024-12-17T22:20:00+07:00,2024-12-17T22:20:00+07:00
353,1,2024-12-18,1,20,2024-12-18T22:20:00+07:00,2024-12-20T05:45:00+07:00,completed,2024-12-18T22:20:00+07:00,2024-12-18T22:20:00+07:00
354,1,2024-12-19,1,20,2024-12-19T22:20:00+07:00,2024-12-21T05:45:00+07:00,completed,2024-12-19T22:20:00+07:00,2024-12-19T22:20:00+07:00
355,1,2024-12-20,1,20,2024-12-20T22:20:00+07:00,2024-12-22T05:45:00+07:00,completed,2024-12-20T22:20:00+07:00,2024-12-20T22:20:00+07:00
356,1,2024-12-21,1,20,2024-12-21T22:20:00+07:00,2024-12-23T05:45:00+07:00,completed,2024-12-21T22:20:00+07:00,2024-12-21T22:20:00+07:00
357,1,2024-12-22,1,20,2024-12-22T22:20:00+07:00,2024-12-24T05:45:00+07:00,completed,2024-12-22T22:20:00+07:00,2024-12-22T22:20:00+07:00
358,1,2024-12-23,1,20,2024-12-23T22:20:00+07:00,2024-12-25T05:45:00+07:00,completed,2024-12-23T22:20:00+07:00,2024-12-23T22:20:00+07:00
359,1,2024-12-24,1,20,2024-12-24T22:20:00+07:00,2024-12-26T05:45:00+07:00,completed,2024-12-24T22:20:00+07:00,2024-12-24T22:20:00+07:00
360,1,2024-12-25,1,20,2024-12-25T22:20:00+07:00,2024-12-27T05:45:00+07:00,completed,2024-12-25T22:20:00+07:00,2024-12-25T22:20:00+07:00
361,1,2024-12-26,1,20,2024-12-26T22:20:00+07:00,2024-12-28T05:45:00+07:00,completed,2024-12-26T22:20:00+07:00,2024-12-26T22:20:00+07:00
362,1,2024-12-27,1,20,2024-12-27T22:20:00+07:00,2024-12-29T05:45:00+07:00,completed,2024-12-27T22:20:00+07:00,2024-12-27T22:20:00+07:00
363,1,2024-12-28,1,20,2024-12-28T22:20:00+07:00,2024-12-30T05:45:00+07:00,completed,2024-12-28T22:20:00+07:00,2024-12-28T22:20:00+07:00
364,1,2024-12-29,1,20,2024-12-29T22:20:00+07:00,2024-12-31T05:45:00+07:00,completed,2024-12-29T22:20:00+07:00,2024-12-29T22:20:00+07:00
365,1,2024-12-30,1,20,2024-12-30T22:20:00+07:00,2025-01-01T05:45:00+07:00,completed,2024-12-30T22:20:00+07:00,2024-12-30T22:20:00+07:00
366,1,2024-12-31,1,20,2024-12-31T22:20:00+07:00,2025-01-02T05:45:00+07:00,completed,2024-12-31T22:20:00+07:00,2024-12-31T22:20:00+07:00
367,1,2025-01-01,1,20,2025-01-01T22:20:00+07:00,2025-01-03T05:45:00+07:00,completed,2025-01-01T22:20:00+07:00,2025-01-01T22:20:00+07:00
368,1,2025-01-02,1,20,2025-01-02T22:20:00+07:00,2025-01-04T05:45:00+07:00,completed,2025-01-02T22:20:00+07:00,2025-01-02T22:20:00+07:00
369,1,2025-01-03,1,20,2025-01-03T22:20:00+07:00,2025-01-05T05:45:00+07:00,completed,2025-01-03T22:20:00+07:00,2025-01-03T22:20:00+07:00
370,1,2025-01-04,1,20,2025-01-04T22:20:00+07:00,2025-01-06T05:45:00+07:00,completed,2025-01-04T22:20:00+07:00,2025-01-04T22:20:00+07:00
371,1,2025-01-05,1,20,2025-01-05T22:20:00+07:00,2025-01-07T05:45:00+07:00,completed,2025-01-05T22:20:00+07:00,2025-01-05T22:20:00+07:00
372,1,2025-01-06,1,20,2025-01-06T22:20:00+07:00,2025-01-08T05:45:00+07:00,completed,2025-01-06T22:20:00+07:00,2025-01-06T22:20:00+07:00
373,1,2025-01-07,1,20,2025-01-07T22:20:00+07:00,2025-01-09T05:45:00+07:00,completed,2025-01-07T22:20:00+07:00,2025-01-07T22:20:00+07:00
374,1,2025-01-08,1,20,2025-01-08T22:20:00+07:00,2025-01-10T05:45:00+07:00,completed,2025-01-08T22:20:00+07:00,2025-01-08T22:20:00+07:00
375,1,2025-01-09,1,20,2025-01-09T22:20:00+07:00,2025-01-11T05:45:00+07:00,completed,2025-01-09T22:20:00+07:00,2025-01-09T22:20:00+07:00
376,1,2025-01-10,1,20,2025-01-10T22:20:00+07:00,2025-01-12T05:45:00+07:00,completed,2025-01-10T22:20:00+07:00,2025-01-10T22:20:00+07:00
377,1,2025-01-11,1,20,2025-01-11T22:20:00+07:00,2025-01-13T05:45:00+07:00,completed,2025-01-11T22:20:00+07:00,2025-01-11T22:20:00+07:00
378,1,2025-01-12,1,20,2025-01-12T22:20:00+07:00,2025-01-14T05:45:00+07:00,completed,2025-01-12T22:20:00+07:00,2025-01-12T22:20:00+07:00
379,1,2025-01-13,1,20,2025-01-13T22:20:00+07:00,2025-01-15T05:45:00+07:00,completed,2025-01-13T22:20:00+07:00,2025-01-13T22:20:00+07:00
380,1,2025-01-14,1,20,2025-01-14T22:20:00+07:00,2025-01-16T05:45:00+07:00,completed,2025-01-14T22:20:00+07:00,2025-01-14T22:20:00+07:00
381,1,2025-01-15,1,20,2025-01-15T22:20:00+07:00,2025-01-17T05:45:00+07:00,completed,2025-01-15T22:20:00+07:00,2025-01-15T22:20:00+07:00
382,1,2025-01-16,1,20,2025-01-16T22:20:00+07:00,2025-01-18T05:45:00+07:00,completed,2025-01-16T22:20:00+07:00,2025-01-16T22:20:00+07:00
383,1,2025-01-17,1,20,2025-01-17T22:20:00+07:00,2025-01-19T05:45:00+07:00,completed,2025-01-17T22:20:00+07:00,2025-01-17T22:20:00+07:00
384,1,2025-01-18,1,20,2025-01-18T22:20:00+07:00,2025-01-20T05:45:00+07:00,completed,2025-01-18T22:20:00+07:00,2025-01-18T22:20:00+07:00
385,1,2025-01-19,1,20,2025-01-19T22:20:00+07:00,2025-01-21T05:45:00+07:00,completed,2025-01-19T22:20:00+07:00,2025-01-19T22:20:00+07:00
386,1,2025-01-20,1,20,2025-01-20T22:20:00+07:00,2025-01-22T05:45:00+07:00,completed,2025-01-20T22:20:00+07:00,2025-01-20T22:20:00+07:00
387,1,2025-01-21,1,20,2025-01-21T22:20:00+07:00,2025-01-23T05:45:00+07:00,completed,2025-01-21T22:20:00+07:00,2025-01-21T22:20:00+07:00
388,1,2025-01-22,1,20,2025-01-22T22:20:00+07:00,2025-01-24T05:45:00+07:00,completed,2025-01-22T22:20:00+07:00,2025-01-22T22:20:00+07:00
389,1,2025-01-23,1,20,2025-01-23T22:20:00+07:00,2025-01-25T05:45:00+07:00,completed,2025-01-23T22:20:00+07:00,2025-01-23T22:20:00+07:00
390,1,2025-01-24,1,20,2025-01-24T22:20:00+07:00,2025-01-26T05:45:00+07:00,completed,2025-01-24T22:20:00+07:00,2025-01-24T22:20:00+07:00
391,1,2025-01-25,1,20,2025-01-25T22:20:00+07:00,2025-01-27T05:45:00+07:00,completed,2025-01-25T22:20:00+07:00,2025-01-25T22:20:00+07:00
392,1,2025-01-26,1,20,2025-01-26T22:20:00+07:00,2025-01-28T05:45:00+07:00,completed,2025-01-26T22:20:00+07:00,2025-01-26T22:20:00+07:00
393,1,2025-01-27,1,20,2025-01-27T22:20:00+07:00,2025-01-29T05:45:00+07:00,completed,2025-01-27T22:20:00+07:00,2025-01-27T22:20:00+07:00
394,1,2025-01-28,1,20,2025-01-28T22:20:00+07:00,2025-01-30T05:45:00+07:00,completed,2025-01-28T22:20:00+07:00,2025-01-28T22:20:00+07:00
395,1,2025-01-29,1,20,2025-01-29T22:20:00+07:00,2025-01-31T05:45:00+07:00,completed,2025-01-29T22:20:00+07:00,2025-01-29T22:20:00+07:00
396,1,2025-01-30,1,20,2025-01-30T22:20:00+07:00,2025-02-01T05:45:00+07:00,completed,2025-01-30T22:20:00+07:00,2025-01-30T22:20:00+07:00
397,1,2025-01-31,1,20,2025-01-31T22:20:00+07:00,2025-02-02T05:45:00+07:00,completed,2025-01-31T22:20:00+07:00,2025-01-31T22:20:00+07:00
398,1,2025-02-01,1,20,2025-02-01T22:20:00+07:00,2025-02-03T05:45:00+07:00,completed,2025-02-01T22:20:00+07:00,2025-02-01T22:20:00+07:00
399,1,2025-02-02,1,20,2025-02-02T22:20:00+07:00,2025-02-04T05:45:00+07:00,completed,2025-02-02T22:20:00+07:00,2025-02-02T22:20:00+07:00
400,1,2025-02-03,1,20,2025-02-03T22:20:00+07:00,2025-02-05T05:45:00+07:00,completed,2025-02-03T22:20:00+07:00,2025-02-03T22:20:00+07:00
401,1,2025-02-04,1,20,2025-02-04T22:20:00+07:00,2025-02-06T05:45:00+07:00,completed,2025-02-04T22:20:00+07:00,2025-02-04T22:20:00+07:00
402,1,2025-02-05,1,20,2025-02-05T22:20:00+07:00,2025-02-07T05:45:00+07:00,completed,2025-02-05T22:20:00+07:00,2025-02-05T22:20:00+07:00
403,1,2025-02-06,1,20,2025-02-06T22:20:00+07:00,2025-02-08T05:45:00+07:00,completed,2025-02-06T22:20:00+07:00,2025-02-06T22:20:00+07:00
404,1,2025-02-07,1,20,2025-02-07T22:20:00+07:00,2025-02-09T05:45:00+07:00,completed,2025-02-07T22:20:00+07:00,2025-02-07T22:20:00+07:00
405,1,2025-02-08,1,20,2025-02-08T22:20:00+07:00,2025-02-10T05:45:00+07:00,completed,2025-02-08T22:20:00+07:00,2025-02-08T22:20:00+07:00
406,1,2025-02-09,1,20,2025-02-09T22:20:00+07:00,2025-02-11T05:45:00+07:00,completed,2025-02-09T22:20:00+07:00,2025-02-09T22:20:00+07:00
407,1,2025-02-10,1,20,2025-02-10T22:20:00+07:00,2025-02-12T05:45:00+07:00,completed,2025-02-10T22:20:00+07:00,2025-02-10T22:20:00+07:00
408,1,2025-02-11,1,20,2025-02-11T22:20:00+07:00,2025-02-13T05:45:00+07:00,completed,2025-02-11T22:20:00+07:00,2025-02-11T22:20:00+07:00
409,1,2025-02-12,1,20,2025-02-12T22:20:00+07:00,2025-02-14T05:45:00+07:00,completed,2025-02-12T22:20:00+07:00,2025-02-12T22:20:00+07:00
410,1,2025-02-13,1,20,2025-02-13T22:20:00+07:00,2025-02-15T05:45:00+07:00,completed,2025-02-13T22:20:00+07:00,2025-02-13T22:20:00+07:00
411,1,2025-02-14,1,20,2025-02-14T22:20:00+07:00,2025-02-16T05:45:00+07:00,completed,2025-02-14T22:20:00+07:00,2025-02-14T22:20:00+07:00
412,1,2025-02-15,1,20,2025-02-15T22:20:00+07:00,2025-02-17T05:45:00+07:00,completed,2025-02-15T22:20:00+07:00,2025-02-15T22:20:00+07:00
413,1,2025-02-16,1,20,2025-02-16T22:20:00+07:00,2025-02-18T05:45:00+07:00,completed,2025-02-16T22:20:00+07:00,2025-02-16T22:20:00+07:00
414,1,2025-02-17,1,20,2025-02-17T22:20:00+07:00,2025-02-19T05:45:00+07:00,completed,2025-02-17T22:20:00+07:00,2025-02-17T22:20:00+07:00
415,1,2025-02-18,1,20,2025-02-18T22:20:00+07:00,2025-02-20T05:45:00+07:00,completed,2025-02-18T22:20:00+07:00,2025-02-18T22:20:00+07:00
416,1,2025-02-19,1,20,2025-02-19T22:20:00+07:00,2025-02-21T05:45:00+07:00,completed,2025-02-19T22:20:00+07:00,2025-02-19T22:20:00+07:00
417,1,2025-02-20,1,20,2025-02-20T22:20:00+07:00,2025-02-22T05:45:00+07:00,completed,2025-02-20T22:20:00+07:00,2025-02-20T22:20:00+07:00
418,1,2025-02-21,1,20,2025-02-21T22:20:00+07:00,2025-02-23T05:45:00+07:00,completed,2025-02-21T22:20:00+07:00,2025-02-21T22:20:00+07:00
419,1,2025-02-22,1,20,2025-02-22T22:20:00+07:00,2025-02-24T05:45:00+07:00,completed,2025-02-22T22:20:00+07:00,2025-02-22T22:20:00+07:00
420,1,2025-02-23,1,20,2025-02-23T22:20:00+07:00,2025-02-25T05:45:00+07:00,completed,2025-02-23T22:20:00+07:00,2025-02-23T22:20:00+07:00
421,1,2025-02-24,1,20,2025-02-24T22:20:00+07:00,2025-02-26T05:45:00+07:00,completed,2025-02-24T22:20:00+07:00,2025-02-24T22:20:00+07:00
422,1,2025-02-25,1,20,2025-02-25T22:20:00+07:00,2025-02-27T05:45:00+07:00,completed,2025-02-25T22:20:00+07:00,2025-02-25T22:20:00+07:00
423,1,2025-02-26,1,20,2025-02-26T22:20:00+07:00,2025-02-28T05:45:00+07:00,completed,2025-02-26T22:20:00+07:00,2025-02-26T22:20:00+07:00
424,1,2025-02-27,1,20,2025-02-27T22:20:00+07:00,2025-03-01T05:45:00+07:00,completed,2025-02-27T22:20:00+07:00,2025-02-27T22:20:00+07:00
425,1,2025-02-28,1,20,2025-02-28T22:20:00+07:00,2025-03-02T05:45:00+07:00,completed,2025-02-28T22:20:00+07:00,2025-02-28T22:20:00+07:00
426,1,2025-03-01,1,20,2025-03-01T22:20:00+07:00,2025-03-03T05:45:00+07:00,completed,2025-03-01T22:20:00+07:00,2025-03-01T22:20:00+07:00
427,1,2025-03-02,1,20,2025-03-02T22:20:00+07:00,2025-03-04T05:45:00+07:00,completed,2025-03-02T22:20:00+07:00,2025-03-02T22:20:00+07:00
428,1,2025-03-03,1,20,2025-03-03T22:20:00+07:00,2025-03-05T05:45:00+07:00,completed,2025-03-03T22:20:00+07:00,2025-03-03T22:20:00+07:00
429,1,2025-03-04,1,20,2025-03-04T22:20:00+07:00,2025-03-06T05:45:00+07:00,completed,2025-03-04T22:20:00+07:00,2025-03-04T22:20:00+07:00
430,1,2025-03-05,1,20,2025-03-05T22:20:00+07:00,2025-03-07T05:45:00+07:00,completed,2025-03-05T22:20:00+07:00,2025-03-05T22:20:00+07:00
431,1,2025-03-06,1,20,2025-03-06T22:20:00+07:00,2025-03-08T05:45:00+07:00,completed,2025-03-06T22:20:00+07:00,2025-03-06T22:20:00+07:00
432,1,2025-03-07,1,20,2025-03-07T22:20:00+07:00,2025-03-09T05:45:00+07:00,completed,2025-03-07T22:20:00+07:00,2025-03-07T22:20:00+07:00
433,1,2025-03-08,1,20,2025-03-08T22:20:00+07:00,2025-03-10T05:45:00+07:00,completed,2025-03-08T22:20:00+07:00,2025-03-08T22:20:00+07:00
434,1,2025-03-09,1,20,2025-03-09T22:20:00+07:00,2025-03-11T05:45:00+07:00,completed,2025-03-09T22:20:00+07:00,2025-03-09T22:20:00+07:00
435,1,2025-03-10,1,20,2025-03-10T22:20:00+07:00,2025-03-12T05:45:00+07:00,completed,2025-03-10T22:20:00+07:00,2025-03-10T22:20:00+07:00
436,1,2025-03-11,1,20,2025-03-11T22:20:00+07:00,2025-03-13T05:45:00+07:00,completed,2025-03-11T22:20:00+07:00,2025-03-11T22:20:00+07:00
437,1,2025-03-12,1,20,2025-03-12T22:20:00+07:00,2025-03-14T05:45:00+07:00,completed,2025-03-12T22:20:00+07:00,2025-03-12T22:20:00+07:00
438,1,2025-03-13,1,20,2025-03-13T22:20:00+07:00,2025-03-15T05:45:00+07:00,completed,2025-03-13T22:20:00+07:00,2025-03-13T22:20:00+07:00
439,1,2025-03-14,1,20,2025-03-14T22:20:00+07:00,2025-03-16T05:45:00+07:00,completed,2025-03-14T22:20:00+07:00,2025-03-14T22:20:00+07:00
440,1,2025-03-15,1,20,2025-03-15T22:20:00+07:00,2025-03-17T05:45:00+07:00,completed,2025-03-15T22:20:00+07:00,2025-03-15T22:20:00+07:00
441,1,2025-03-16,1,20,2025-03-16T22:20:00+07:00,2025-03-18T05:45:00+07:00,completed,2025-03-16T22:20:00+07:00,2025-03-16T22:20:00+07:00
442,1,2025-03-17,1,20,2025-03-17T22:20:00+07:00,2025-03-19T05:45:00+07:00,completed,2025-03-17T22:20:00+07:00,2025-03-17T22:20:00+07:00
443,1,2025-03-18,1,20,2025-03-18T22:20:00+07:00,2025-03-20T05:45:00+07:00,completed,2025-03-18T22:20:00+07:00,2025-03-18T22:20:00+07:00
444,1,2025-03-19,1,20,2025-03-19T22:20:00+07:00,2025-03-21T05:45:00+07:00,completed,2025-03-19T22:20:00+07:00,2025-03-19T22:20:00+07:00
445,1,2025-03-20,1,20,2025-03-20T22:20:00+07:00,2025-03-22T05:45:00+07:00,completed,2025-03-20T22:20:00+07:00,2025-03-20T22:20:00+07:00
446,1,2025-03-21,1,20,2025-03-21T22:20:00+07:00,2025-03-23T05:45:00+07:00,completed,2025-03-21T22:20:00+07:00,2025-03-21T22:20:00+07:00
447,1,2025-03-22,1,20,2025-03-22T22:20:00+07:00,2025-03-24T05:45:00+07:00,completed,2025-03-22T22:20:00+07:00,2025-03-22T22:20:00+07:00
448,1,2025-03-23,1,20,2025-03-23T22:20:00+07:00,2025-03-25T05:45:00+07:00,completed,2025-03-23T22:20:00+07:00,2025-03-23T22:20:00+07:00
449,1,2025-03-24,1,20,2025-03-24T22:20:00+07:00,2025-03-26T05:45:00+07:00,completed,2025-03-24T22:20:00+07:00,2025-03-24T22:20:00+07:00
450,1,2025-03-25,1,20,2025-03-25T22:20:00+07:00,2025-03-27T05:45:00+07:00,completed,2025-03-25T22:20:00+07:00,2025-03-25T22:20:00+07:00
451,1,2025-03-26,1,20,2025-03-26T22:20:00+07:00,2025-03-28T05:45:00+07:00,completed,2025-03-26T22:20:00+07:00,2025-03-26T22:20:00+07:00
452,1,2025-03-27,1,20,2025-03-27T22:20:00+07:00,2025-03-29T05:45:00+07:00,completed,2025-03-27T22:20:00+07:00,2025-03-27T22:20:00+07:00
453,1,2025-03-28,1,20,2025-03-28T22:20:00+07:00,2025-03-30T05:45:00+07:00,completed,2025-03-28T22:20:00+07:00,2025-03-28T22:20:00+07:00
454,1,2025-03-29,1,20,2025-03-29T22:20:00+07:00,2025-03-31T05:45:00+07:00,completed,2025-03-29T22:20:00+07:00,2025-03-29T22:20:00+07:00
455,1,2025-03-30,1,20,2025-03-30T22:20:00+07:00,2025-04-01T05:45:00+07:00,completed,2025-03-30T22:20:00+07:00,2025-03-30T22:20:00+07:00
456,1,2025-03-31,1,20,2025-03-31T22:20:00+07:00,2025-04-02T05:45:00+07:00,completed,2025-03-31T22:20:00+07:00,2025-03-31T22:20:00+07:00
457,1,2025-04-01,1,20,2025-04-01T22:20:00+07:00,2025-04-03T05:45:00+07:00,completed,2025-04-01T22:20:00+07:00,2025-04-01T22:20:00+07:00
458,1,2025-04-02,1,20,2025-04-02T22:20:00+07:00,2025-04-04T05:45:00+07:00,completed,2025-04-02T22:20:00+07:00,2025-04-02T22:20:00+07:00
459,1,2025-04-03,1,20,2025-04-03T22:20:00+07:00,2025-04-05T05:45:00+07:00,completed,2025-04-03T22:20:00+07:00,2025-04-03T22:20:00+07:00
460,1,2025-04-04,1,20,2025-04-04T22:20:00+07:00,2025-04-06T05:45:00+07:00,completed,2025-04-04T22:20:00+07:00,2025-04-04T22:20:00+07:00
461,1,2025-04-05,1,20,2025-04-05T22:20:00+07:00,2025-04-07T05:45:00+07:00,completed,2025-04-05T22:20:00+07:00,2025-04-05T22:20:00+07:00
462,1,2025-04-06,1,20,2025-04-06T22:20:00+07:00,2025-04-08T05:45:00+07:00,completed,2025-04-06T22:20:00+07:00,2025-04-06T22:20:00+07:00
463,1,2025-04-07,1,20,2025-04-07T22:20:00+07:00,2025-04-09T05:45:00+07:00,completed,2025-04-07T22:20:00+07:00,2025-04-07T22:20:00+07:00
464,1,2025-04-08,1,20,2025-04-08T22:20:00+07:00,2025-04-10T05:45:00+07:00,completed,2025-04-08T22:20:00+07:00,2025-04-08T22:20:00+07:00
465,1,2025-04-09,1,20,2025-04-09T22:20:00+07:00,2025-04-11T05:45:00+07:00,completed,2025-04-09T22:20:00+07:00,2025-04-09T22:20:00+07:00
466,1,2025-04-10,1,20,2025-04-10T22:20:00+07:00,2025-04-12T05:45:00+07:00,completed,2025-04-10T22:20:00+07:00,2025-04-10T22:20:00+07:00
467,1,2025-04-11,1,20,2025-04-11T22:20:00+07:00,2025-04-13T05:45:00+07:00,completed,2025-04-11T22:20:00+07:00,2025-04-11T22:20:00+07:00
468,1,2025-04-12,1,20,2025-04-12T22:20:00+07:00,2025-04-14T05:45:00+07:00,completed,2025-04-12T22:20:00+07:00,2025-04-12T22:20:00+07:00
469,1,2025-04-13,1,20,2025-04-13T22:20:00+07:00,2025-04-15T05:45:00+07:00,completed,2025-04-13T22:20:00+07:00,2025-04-13T22:20:00+07:00
470,1,2025-04-14,1,20,2025-04-14T22:20:00+07:00,2025-04-16T05:45:00+07:00,completed,2025-04-14T22:20:00+07:00,2025-04-14T22:20:00+07:00
471,1,2025-04-15,1,20,2025-04-15T22:20:00+07:00,2025-04-17T05:45:00+07:00,completed,2025-04-15T22:20:00+07:00,2025-04-15T22:20:00+07:00
472,1,2025-04-16,1,20,2025-04-16T22:20:00+07:00,2025-04-18T05:45:00+07:00,completed,2025-04-16T22:20:00+07:00,2025-04-16T22:20:00+07:00
473,1,2025-04-17,1,20,2025-04-17T22:20:00+07:00,2025-04-19T05:45:00+07:00,completed,2025-04-17T22:20:00+07:00,2025-04-17T22:20:00+07:00
474,1,2025-04-18,1,20,2025-04-18T22:20:00+07:00,2025-04-20T05:45:00+07:00,completed,2025-04-18T22:20:00+07:00,2025-04-18T22:20:00+07:00
475,1,2025-04-19,1,20,2025-04-19T22:20:00+07:00,2025-04-21T05:45:00+07:00,completed,2025-04-19T22:20:00+07:00,2025-04-19T22:20:00+07:00
476,1,2025-04-20,1,20,2025-04-20T22:20:00+07:00,2025-04-22T05:45:00+07:00,completed,2025-04-20T22:20:00+07:00,2025-04-20T22:20:00+07:00
477,1,2025-04-21,1,20,2025-04-21T22:20:00+07:00,2025-04-23T05:45:00+07:00,completed,2025-04-21T22:20:00+07:00,2025-04-21T22:20:00+07:00
478,1,2025-04-22,1,20,2025-04-22T22:20:00+07:00,2025-04-24T05:45:00+07:00,completed,2025-04-22T22:20:00+07:00,2025-04-22T22:20:00+07:00
479,1,2025-04-23,1,20,2025-04-23T22:20:00+07:00,2025-04-25T05:45:00+07:00,completed,2025-04-23T22:20:00+07:00,2025-04-23T22:20:00+07:00
480,1,2025-04-24,1,20,2025-04-24T22:20:00+07:00,2025-04-26T05:45:00+07:00,completed,2025-04-24T22:20:00+07:00,2025-04-24T22:20:00+07:00
481,1,2025-04-25,1,20,2025-04-25T22:20:00+07:00,2025-04-27T05:45:00+07:00,completed,2025-04-25T22:20:00+07:00,2025-04-25T22:20:00+07:00
482,1,2025-04-26,1,20,2025-04-26T22:20:00+07:00,2025-04-28T05:45:00+07:00,completed,2025-04-26T22:20:00+07:00,2025-04-26T22:20:00+07:00
483,1,2025-04-27,1,20,2025-04-27T22:20:00+07:00,2025-04-29T05:45:00+07:00,completed,2025-04-27T22:20:00+07:00,2025-04-27T22:20:00+07:00
484,1,2025-04-28,1,20,2025-04-28T22:20:00+07:00,2025-04-30T05:45:00+07:00,completed,2025-04-28T22:20:00+07:00,2025-04-28T22:20:00+07:00
485,1,2025-04-29,1,20,2025-04-29T22:20:00+07:00,2025-05-01T05:45:00+07:00,completed,2025-04-29T22:20:00+07:00,2025-04-29T22:20:00+07:00
486,1,2025-04-30,1,20,2025-04-30T22:20:00+07:00,2025-05-02T05:45:00+07:00,completed,2025-04-30T22:20:00+07:00,2025-04-30T22:20:00+07:00
487,1,2025-05-01,1,20,2025-05-01T22:20:00+07:00,2025-05-03T05:45:00+07:00,completed,2025-05-01T22:20:00+07:00,2025-05-01T22:20:00+07:00
488,1,2025-05-02,1,20,2025-05-02T22:20:00+07:00,2025-05-04T05:45:00+07:00,completed,2025-05-02T22:20:00+07:00,2025-05-02T22:20:00+07:00
489,1,2025-05-03,1,20,2025-05-03T22:20:00+07:00,2025-05-05T05:45:00+07:00,completed,2025-05-03T22:20:00+07:00,2025-05-03T22:20:00+07:00
490,1,2025-05-04,1,20,2025-05-04T22:20:00+07:00,2025-05-06T05:45:00+07:00,completed,2025-05-04T22:20:00+07:00,2025-05-04T22:20:00+07:00
491,1,2025-05-05,1,20,2025-05-05T22:20:00+07:00,2025-05-07T05:45:00+07:00,completed,2025-05-05T22:20:00+07:00,2025-05-05T22:20:00+07:00
492,1,2025-05-06,1,20,2025-05-06T22:20:00+07:00,2025-05-08T05:45:00+07:00,completed,2025-05-06T22:20:00+07:00,2025-05-06T22:20:00+07:00
493,1,2025-05-07,1,20,2025-05-07T22:20:00+07:00,2025-05-09T05:45:00+07:00,completed,2025-05-07T22:20:00+07:00,2025-05-07T22:20:00+07:00
494,1,2025-05-08,1,20,2025-05-08T22:20:00+07:00,2025-05-10T05:45:00+07:00,completed,2025-05-08T22:20:00+07:00,2025-05-08T22:20:00+07:00
495,1,2025-05-09,1,20,2025-05-09T22:20:00+07:00,2025-05-11T05:45:00+07:00,completed,2025-05-09T22:20:00+07:00,2025-05-09T22:20:00+07:00
496,1,2025-05-10,1,20,2025-05-10T22:20:00+07:00,2025-05-12T05:45:00+07:00,completed,2025-05-10T22:20:00+07:00,2025-05-10T22:20:00+07:00
497,1,2025-05-11,1,20,2025-05-11T22:20:00+07:00,2025-05-13T05:45:00+07:00,completed,2025-05-11T22:20:00+07:00,2025-05-11T22:20:00+07:00
498,1,2025-05-12,1,20,2025-05-12T22:20:00+07:00,2025-05-14T05:45:00+07:00,completed,2025-05-12T22:20:00+07:00,2025-05-12T22:20:00+07:00
499,1,2025-05-13,1,20,2025-05-13T22:20:00+07:00,2025-05-15T05:45:00+07:00,completed,2025-05-13T22:20:00+07:00,2025-05-13T22:20:00+07:00
500,1,2025-05-14,1,20,2025-05-14T22:20:00+07:00,2025-05-16T05:45:00+07:00,completed,2025-05-14T22:20:00+07:00,2025-05-14T22:20:00+07:00
501,1,2025-05-15,1,20,2025-05-15T22:20:00+07:00,2025-05-17T05:45:00+07:00,completed,2025-05-15T22:20:00+07:00,2025-05-15T22:20:00+07:00
502,1,2025-05-16,1,20,2025-05-16T22:20:00+07:00,2025-05-18T05:45:00+07:00,completed,2025-05-16T22:20:00+07:00,2025-05-16T22:20:00+07:00
503,1,2025-05-17,1,20,2025-05-17T22:20:00+07:00,2025-05-19T05:45:00+07:00,completed,2025-05-17T22:20:00+07:00,2025-05-17T22:20:00+07:00
504,1,2025-05-18,1,20,2025-05-18T22:20:00+07:00,2025-05-20T05:45:00+07:00,completed,2025-05-18T22:20:00+07:00,2025-05-18T22:20:00+07:00
505,1,2025-05-19,1,20,2025-05-19T22:20:00+07:00,2025-05-21T05:45:00+07:00,completed,2025-05-19T22:20:00+07:00,2025-05-19T22:20:00+07:00
506,1,2025-05-20,1,20,2025-05-20T22:20:00+07:00,2025-05-22T05:45:00+07:00,completed,2025-05-20T22:20:00+07:00,2025-05-20T22:20:00+07:00
507,1,2025-05-21,1,20,2025-05-21T22:20:00+07:00,2025-05-23T05:45:00+07:00,completed,2025-05-21T22:20:00+07:00,2025-05-21T22:20:00+07:00
508,1,2025-05-22,1,20,2025-05-22T22:20:00+07:00,2025-05-24T05:45:00+07:00,completed,2025-05-22T22:20:00+07:00,2025-05-22T22:20:00+07:00
509,1,2025-05-23,1,20,2025-05-23T22:20:00+07:00,2025-05-25T05:45:00+07:00,completed,2025-05-23T22:20:00+07:00,2025-05-23T22:20:00+07:00
510,1,2025-05-24,1,20,2025-05-24T22:20:00+07:00,2025-05-26T05:45:00+07:00,completed,2025-05-24T22:20:00+07:00,2025-05-24T22:20:00+07:00
511,1,2025-05-25,1,20,2025-05-25T22:20:00+07:00,2025-05-27T05:45:00+07:00,completed,2025-05-25T22:20:00+07:00,2025-05-25T22:20:00+07:00
512,1,2025-05-26,1,20,2025-05-26T22:20:00+07:00,2025-05-28T05:45:00+07:00,completed,2025-05-26T22:20:00+07:00,2025-05-26T22:20:00+07:00
513,1,2025-05-27,1,20,2025-05-27T22:20:00+07:00,2025-05-29T05:45:00+07:00,completed,2025-05-27T22:20:00+07:00,2025-05-27T22:20:00+07:00
514,1,2025-05-28,1,20,2025-05-28T22:20:00+07:00,2025-05-30T05:45:00+07:00,completed,2025-05-28T22:20:00+07:00,2025-05-28T22:20:00+07:00
515,1,2025-05-29,1,20,2025-05-29T22:20:00+07:00,2025-05-31T05:45:00+07:00,completed,2025-05-29T22:20:00+07:00,2025-05-29T22:20:00+07:00
516,1,2025-05-30,1,20,2025-05-30T22:20:00+07:00,2025-06-01T05:45:00+07:00,completed,2025-05-30T22:20:00+07:00,2025-05-30T22:20:00+07:00
517,1,2025-05-31,1,20,2025-05-31T22:20:00+07:00,2025-06-02T05:45:00+07:00,completed,2025-05-31T22:20:00+07:00,2025-05-31T22:20:00+07:00
518,1,2025-06-01,1,20,2025-06-01T22:20:00+07:00,2025-06-03T05:45:00+07:00,completed,2025-06-01T22:20:00+07:00,2025-06-01T22:20:00+07:00
519,1,2025-06-02,1,20,2025-06-02T22:20:00+07:00,2025-06-04T05:45:00+07:00,completed,2025-06-02T22:20:00+07:00,2025-06-02T22:20:00+07:00
520,1,2025-06-03,1,20,2025-06-03T22:20:00+07:00,2025-06-05T05:45:00+07:00,completed,2025-06-03T22:20:00+07:00,2025-06-03T22:20:00+07:00
521,1,2025-06-04,1,20,2025-06-04T22:20:00+07:00,2025-06-06T05:45:00+07:00,completed,2025-06-04T22:20:00+07:00,2025-06-04T22:20:00+07:00
522,1,2025-06-05,1,20,2025-06-05T22:20:00+07:00,2025-06-07T05:45:00+07:00,completed,2025-06-05T22:20:00+07:00,2025-06-05T22:20:00+07:00
523,1,2025-06-06,1,20,2025-06-06T22:20:00+07:00,2025-06-08T05:45:00+07:00,completed,2025-06-06T22:20:00+07:00,2025-06-06T22:20:00+07:00
524,1,2025-06-07,1,20,2025-06-07T22:20:00+07:00,2025-06-09T05:45:00+07:00,completed,2025-06-07T22:20:00+07:00,2025-06-07T22:20:00+07:00
525,1,2025-06-08,1,20,2025-06-08T22:20:00+07:00,2025-06-10T05:45:00+07:00,completed,2025-06-08T22:20:00+07:00,2025-06-08T22:20:00+07:00
526,1,2025-06-09,1,20,2025-06-09T22:20:00+07:00,2025-06-11T05:45:00+07:00,completed,2025-06-09T22:20:00+07:00,2025-06-09T22:20:00+07:00
527,1,2025-06-10,1,20,2025-06-10T22:20:00+07:00,2025-06-12T05:45:00+07:00,completed,2025-06-10T22:20:00+07:00,2025-06-10T22:20:00+07:00
528,1,2025-06-11,1,20,2025-06-11T22:20:00+07:00,2025-06-13T05:45:00+07:00,completed,2025-06-11T22:20:00+07:00,2025-06-11T22:20:00+07:00
529,1,2025-06-12,1,20,2025-06-12T22:20:00+07:00,2025-06-14T05:45:00+07:00,completed,2025-06-12T22:20:00+07:00,2025-06-12T22:20:00+07:00
530,1,2025-06-13,1,20,2025-06-13T22:20:00+07:00,2025-06-15T05:45:00+07:00,completed,2025-06-13T22:20:00+07:00,2025-06-13T22:20:00+07:00
531,1,2025-06-14,1,20,2025-06-14T22:20:00+07:00,2025-06-16T05:45:00+07:00,completed,2025-06-14T22:20:00+07:00,2025-06-14T22:20:00+07:00
532,1,2025-06-15,1,20,2025-06-15T22:20:00+07:00,2025-06-17T05:45:00+07:00,completed,2025-06-15T22:20:00+07:00,2025-06-15T22:20:00+07:00
533,1,2025-06-16,1,20,2025-06-16T22:20:00+07:00,2025-06-18T05:45:00+07:00,completed,2025-06-16T22:20:00+07:00,2025-06-16T22:20:00+07:00
534,1,2025-06-17,1,20,2025-06-17T22:20:00+07:00,2025-06-19T05:45:00+07:00,completed,2025-06-17T22:20:00+07:00,2025-06-17T22:20:00+07:00
535,1,2025-06-18,1,20,2025-06-18T22:20:00+07:00,2025-06-20T05:45:00+07:00,completed,2025-06-18T22:20:00+07:00,2025-06-18T22:20:00+07:00
536,1,2025-06-19,1,20,2025-06-19T22:20:00+07:00,2025-06-21T05:45:00+07:00,completed,2025-06-19T22:20:00+07:00,2025-06-19T22:20:00+07:00
537,1,2025-06-20,1,20,2025-06-20T22:20:00+07:00,2025-06-22T05:45:00+07:00,completed,2025-06-20T22:20:00+07:00,2025-06-20T22:20:00+07:00
538,1,2025-06-21,1,20,2025-06-21T22:20:00+07:00,2025-06-23T05:45:00+07:00,completed,2025-06-21T22:20:00+07:00,2025-06-21T22:20:00+07:00
539,1,2025-06-22,1,20,2025-06-22T22:20:00+07:00,2025-06-24T05:45:00+07:00,completed,2025-06-22T22:20:00+07:00,2025-06-22T22:20:00+07:00
540,1,2025-06-23,1,20,2025-06-23T22:20:00+07:00,2025-06-25T05:45:00+07:00,completed,2025-06-23T22:20:00+07:00,2025-06-23T22:20:00+07:00
541,1,2025-06-24,1,20,2025-06-24T22:20:00+07:00,2025-06-26T05:45:00+07:00,completed,2025-06-24T22:20:00+07:00,2025-06-24T22:20:00+07:00
542,1,2025-06-25,1,20,2025-06-25T22:20:00+07:00,2025-06-27T05:45:00+07:00,completed,2025-06-25T22:20:00+07:00,2025-06-25T22:20:00+07:00
543,1,2025-06-26,1,20,2025-06-26T22:20:00+07:00,2025-06-28T05:45:00+07:00,completed,2025-06-26T22:20:00+07:00,2025-06-26T22:20:00+07:00
544,1,2025-06-27,1,20,2025-06-27T22:20:00+07:00,2025-06-29T05:45:00+07:00,completed,2025-06-27T22:20:00+07:00,2025-06-27T22:20:00+07:00
545,1,2025-06-28,1,20,2025-06-28T22:20:00+07:00,2025-06-30T05:45:00+07:00,completed,2025-06-28T22:20:00+07:00,2025-06-28T22:20:00+07:00
546,1,2025-06-29,1,20,2025-06-29T22:20:00+07:00,2025-07-01T05:45:00+07:00,completed,2025-06-29T22:20:00+07:00,2025-06-29T22:20:00+07:00
547,1,2025-06-30,1,20,2025-06-30T22:20:00+07:00,2025-07-02T05:45:00+07:00,completed,2025-06-30T22:20:00+07:00,2025-06-30T22:20:00+07:00
548,1,2025-07-01,1,20,2025-07-01T22:20:00+07:00,2025-07-03T05:45:00+07:00,completed,2025-07-01T22:20:00+07:00,2025-07-01T22:20:00+07:00
549,1,2025-07-02,1,20,2025-07-02T22:20:00+07:00,2025-07-04T05:45:00+07:00,completed,2025-07-02T22:20:00+07:00,2025-07-02T22:20:00+07:00
550,1,2025-07-03,1,20,2025-07-03T22:20:00+07:00,2025-07-05T05:45:00+07:00,completed,2025-07-03T22:20:00+07:00,2025-07-03T22:20:00+07:00
551,1,2025-07-04,1,20,2025-07-04T22:20:00+07:00,2025-07-06T05:45:00+07:00,completed,2025-07-04T22:20:00+07:00,2025-07-04T22:20:00+07:00
552,1,2025-07-05,1,20,2025-07-05T22:20:00+07:00,2025-07-07T05:45:00+07:00,completed,2025-07-05T22:20:00+07:00,2025-07-05T22:20:00+07:00
553,1,2025-07-06,1,20,2025-07-06T22:20:00+07:00,2025-07-08T05:45:00+07:00,completed,2025-07-06T22:20:00+07:00,2025-07-06T22:20:00+07:00
554,1,2025-07-07,1,20,2025-07-07T22:20:00+07:00,2025-07-09T05:45:00+07:00,completed,2025-07-07T22:20:00+07:00,2025-07-07T22:20:00+07:00
555,1,2025-07-08,1,20,2025-07-08T22:20:00+07:00,2025-07-10T05:45:00+07:00,completed,2025-07-08T22:20:00+07:00,2025-07-08T22:20:00+07:00
556,1,2025-07-09,1,20,2025-07-09T22:20:00+07:00,2025-07-11T05:45:00+07:00,completed,2025-07-09T22:20:00+07:00,2025-07-09T22:20:00+07:00
557,1,2025-07-10,1,20,2025-07-10T22:20:00+07:00,2025-07-12T05:45:00+07:00,completed,2025-07-10T22:20:00+07:00,2025-07-10T22:20:00+07:00
558,1,2025-07-11,1,20,2025-07-11T22:20:00+07:00,2025-07-13T05:45:00+07:00,completed,2025-07-11T22:20:00+07:00,2025-07-11T22:20:00+07:00
559,1,2025-07-12,1,20,2025-07-12T22:20:00+07:00,2025-07-14T05:45:00+07:00,completed,2025-07-12T22:20:00+07:00,2025-07-12T22:20:00+07:00
560,1,2025-07-13,1,20,2025-07-13T22:20:00+07:00,2025-07-15T05:45:00+07:00,completed,2025-07-13T22:20:00+07:00,2025-07-13T22:20:00+07:00
561,1,2025-07-14,1,20,2025-07-14T22:20:00+07:00,2025-07-16T05:45:00+07:00,completed,2025-07-14T22:20:00+07:00,2025-07-14T22:20:00+07:00
562,1,2025-07-15,1,20,2025-07-15T22:20:00+07:00,2025-07-17T05:45:00+07:00,completed,2025-07-15T22:20:00+07:00,2025-07-15T22:20:00+07:00
563,1,2025-07-16,1,20,2025-07-16T22:20:00+07:00,2025-07-18T05:45:00+07:00,completed,2025-07-16T22:20:00+07:00,2025-07-16T22:20:00+07:00
564,1,2025-07-17,1,20,2025-07-17T22:20:00+07:00,2025-07-19T05:45:00+07:00,completed,2025-07-17T22:20:00+07:00,2025-07-17T22:20:00+07:00
565,1,2025-07-18,1,20,2025-07-18T22:20:00+07:00,2025-07-20T05:45:00+07:00,completed,2025-07-18T22:20:00+07:00,2025-07-18T22:20:00+07:00
566,1,2025-07-19,1,20,2025-07-19T22:20:00+07:00,2025-07-21T05:45:00+07:00,completed,2025-07-19T22:20:00+07:00,2025-07-19T22:20:00+07:00
567,1,2025-07-20,1,20,2025-07-20T22:20:00+07:00,2025-07-22T05:45:00+07:00,completed,2025-07-20T22:20:00+07:00,2025-07-20T22:20:00+07:00
568,1,2025-07-21,1,20,2025-07-21T22:20:00+07:00,2025-07-23T05:45:00+07:00,completed,2025-07-21T22:20:00+07:00,2025-07-21T22:20:00+07:00
569,1,2025-07-22,1,20,2025-07-22T22:20:00+07:00,2025-07-24T05:45:00+07:00,completed,2025-07-22T22:20:00+07:00,2025-07-22T22:20:00+07:00
570,1,2025-07-23,1,20,2025-07-23T22:20:00+07:00,2025-07-25T05:45:00+07:00,completed,2025-07-23T22:20:00+07:00,2025-07-23T22:20:00+07:00
571,1,2025-07-24,1,20,2025-07-24T22:20:00+07:00,2025-07-26T05:45:00+07:00,completed,2025-07-24T22:20:00+07:00,2025-07-24T22:20:00+07:00
572,1,2025-07-25,1,20,2025-07-25T22:20:00+07:00,2025-07-27T05:45:00+07:00,completed,2025-07-25T22:20:00+07:00,2025-07-25T22:20:00+07:00
573,1,2025-07-26,1,20,2025-07-26T22:20:00+07:00,2025-07-28T05:45:00+07:00,completed,2025-07-26T22:20:00+07:00,2025-07-26T22:20:00+07:00
574,1,2025-07-27,1,20,2025-07-27T22:20:00+07:00,2025-07-29T05:45:00+07:00,completed,2025-07-27T22:20:00+07:00,2025-07-27T22:20:00+07:00
575,1,2025-07-28,1,20,2025-07-28T22:20:00+07:00,2025-07-30T05:45:00+07:00,completed,2025-07-28T22:20:00+07:00,2025-07-28T22:20:00+07:00
576,1,2025-07-29,1,20,2025-07-29T22:20:00+07:00,2025-07-31T05:45:00+07:00,completed,2025-07-29T22:20:00+07:00,2025-07-29T22:20:00+07:00
577,1,2025-07-30,1,20,2025-07-30T22:20:00+07:00,2025-08-01T05:45:00+07:00,completed,2025-07-30T22:20:00+07:00,2025-07-30T22:20:00+07:00
578,1,2025-07-31,1,20,2025-07-31T22:20:00+07:00,2025-08-02T05:45:00+07:00,completed,2025-07-31T22:20:00+07:00,2025-07-31T22:20:00+07:00
579,1,2025-08-01,1,20,2025-08-01T22:20:00+07:00,2025-08-03T05:45:00+07:00,completed,2025-08-01T22:20:00+07:00,2025-08-01T22:20:00+07:00
580,1,2025-08-02,1,20,2025-08-02T22:20:00+07:00,2025-08-04T05:45:00+07:00,completed,2025-08-02T22:20:00+07:00,2025-08-02T22:20:00+07:00
581,1,2025-08-03,1,20,2025-08-03T22:20:00+07:00,2025-08-05T05:45:00+07:00,completed,2025-08-03T22:20:00+07:00,2025-08-03T22:20:00+07:00
582,1,2025-08-04,1,20,2025-08-04T22:20:00+07:00,2025-08-06T05:45:00+07:00,completed,2025-08-04T22:20:00+07:00,2025-08-04T22:20:00+07:00
583,1,2025-08-05,1,20,2025-08-05T22:20:00+07:00,2025-08-07T05:45:00+07:00,completed,2025-08-05T22:20:00+07:00,2025-08-05T22:20:00+07:00
584,1,2025-08-06,1,20,2025-08-06T22:20:00+07:00,2025-08-08T05:45:00+07:00,completed,2025-08-06T22:20:00+07:00,2025-08-06T22:20:00+07:00
585,1,2025-08-07,1,20,2025-08-07T22:20:00+07:00,2025-08-09T05:45:00+07:00,completed,2025-08-07T22:20:00+07:00,2025-08-07T22:20:00+07:00
586,1,2025-08-08,1,20,2025-08-08T22:20:00+07:00,2025-08-10T05:45:00+07:00,completed,2025-08-08T22:20:00+07:00,2025-08-08T22:20:00+07:00
587,1,2025-08-09,1,20,2025-08-09T22:20:00+07:00,2025-08-11T05:45:00+07:00,completed,2025-08-09T22:20:00+07:00,2025-08-09T22:20:00+07:00
588,1,2025-08-10,1,20,2025-08-10T22:20:00+07:00,2025-08-12T05:45:00+07:00,completed,2025-08-10T22:20:00+07:00,2025-08-10T22:20:00+07:00
589,1,2025-08-11,1,20,2025-08-11T22:20:00+07:00,2025-08-13T05:45:00+07:00,completed,2025-08-11T22:20:00+07:00,2025-08-11T22:20:00+07:00
590,1,2025-08-12,1,20,2025-08-12T22:20:00+07:00,2025-08-14T05:45:00+07:00,completed,2025-08-12T22:20:00+07:00,2025-08-12T22:20:00+07:00
591,1,2025-08-13,1,20,2025-08-13T22:20:00+07:00,2025-08-15T05:45:00+07:00,completed,2025-08-13T22:20:00+07:00,2025-08-13T22:20:00+07:00
592,1,2025-08-14,1,20,2025-08-14T22:20:00+07:00,2025-08-16T05:45:00+07:00,completed,2025-08-14T22:20:00+07:00,2025-08-14T22:20:00+07:00
593,1,2025-08-15,1,20,2025-08-15T22:20:00+07:00,2025-08-17T05:45:00+07:00,completed,2025-08-15T22:20:00+07:00,2025-08-15T22:20:00+07:00
594,1,2025-08-16,1,20,2025-08-16T22:20:00+07:00,2025-08-18T05:45:00+07:00,completed,2025-08-16T22:20:00+07:00,2025-08-16T22:20:00+07:00
595,1,2025-08-17,1,20,2025-08-17T22:20:00+07:00,2025-08-19T05:45:00+07:00,completed,2025-08-17T22:20:00+07:00,2025-08-17T22:20:00+07:00
596,1,2025-08-18,1,20,2025-08-18T22:20:00+07:00,2025-08-20T05:45:00+07:00,completed,2025-08-18T22:20:00+07:00,2025-08-18T22:20:00+07:00
597,1,2025-08-19,1,20,2025-08-19T22:20:00+07:00,2025-08-21T05:45:00+07:00,completed,2025-08-19T22:20:00+07:00,2025-08-19T22:20:00+07:00
598,1,2025-08-20,1,20,2025-08-20T22:20:00+07:00,2025-08-22T05:45:00+07:00,completed,2025-08-20T22:20:00+07:00,2025-08-20T22:20:00+07:00
599,1,2025-08-21,1,20,2025-08-21T22:20:00+07:00,2025-08-23T05:45:00+07:00,completed,2025-08-21T22:20:00+07:00,2025-08-21T22:20:00+07:00
600,1,2025-08-22,1,20,2025-08-22T22:20:00+07:00,2025-08-24T05:45:00+07:00,completed,2025-08-22T22:20:00+07:00,2025-08-22T22:20:00+07:00
601,1,2025-08-23,1,20,2025-08-23T22:20:00+07:00,2025-08-25T05:45:00+07:00,completed,2025-08-23T22:20:00+07:00,2025-08-23T22:20:00+07:00
602,1,2025-08-24,1,20,2025-08-24T22:20:00+07:00,2025-08-26T05:45:00+07:00,completed,2025-08-24T22:20:00+07:00,2025-08-24T22:20:00+07:00
603,1,2025-08-25,1,20,2025-08-25T22:20:00+07:00,2025-08-27T05:45:00+07:00,completed,2025-08-25T22:20:00+07:00,2025-08-25T22:20:00+07:00
604,1,2025-08-26,1,20,2025-08-26T22:20:00+07:00,2025-08-28T05:45:00+07:00,completed,2025-08-26T22:20:00+07:00,2025-08-26T22:20:00+07:00
605,1,2025-08-27,1,20,2025-08-27T22:20:00+07:00,2025-08-29T05:45:00+07:00,completed,2025-08-27T22:20:00+07:00,2025-08-27T22:20:00+07:00
606,1,2025-08-28,1,20,2025-08-28T22:20:00+07:00,2025-08-30T05:45:00+07:00,completed,2025-08-28T22:20:00+07:00,2025-08-28T22:20:00+07:00
607,1,2025-08-29,1,20,2025-08-29T22:20:00+07:00,2025-08-31T05:45:00+07:00,completed,2025-08-29T22:20:00+07:00,2025-08-29T22:20:00+07:00
608,1,2025-08-30,1,20,2025-08-30T22:20:00+07:00,2025-09-01T05:45:00+07:00,completed,2025-08-30T22:20:00+07:00,2025-08-30T22:20:00+07:00
609,1,2025-08-31,1,20,2025-08-31T22:20:00+07:00,2025-09-02T05:45:00+07:00,completed,2025-08-31T22:20:00+07:00,2025-08-31T22:20:00+07:00
610,1,2025-09-01,1,20,2025-09-01T22:20:00+07:00,2025-09-03T05:45:00+07:00,completed,2025-09-01T22:20:00+07:00,2025-09-01T22:20:00+07:00
611,1,2025-09-02,1,20,2025-09-02T22:20:00+07:00,2025-09-04T05:45:00+07:00,completed,2025-09-02T22:20:00+07:00,2025-09-02T22:20:00+07:00
612,1,2025-09-03,1,20,2025-09-03T22:20:00+07:00,2025-09-05T05:45:00+07:00,completed,2025-09-03T22:20:00+07:00,2025-09-03T22:20:00+07:00
613,1,2025-09-04,1,20,2025-09-04T22:20:00+07:00,2025-09-06T05:45:00+07:00,completed,2025-09-04T22:20:00+07:00,2025-09-04T22:20:00+07:00
614,1,2025-09-05,1,20,2025-09-05T22:20:00+07:00,2025-09-07T05:45:00+07:00,completed,2025-09-05T22:20:00+07:00,2025-09-05T22:20:00+07:00
615,1,2025-09-06,1,20,2025-09-06T22:20:00+07:00,2025-09-08T05:45:00+07:00,completed,2025-09-06T22:20:00+07:00,2025-09-06T22:20:00+07:00
616,1,2025-09-07,1,20,2025-09-07T22:20:00+07:00,2025-09-09T05:45:00+07:00,completed,2025-09-07T22:20:00+07:00,2025-09-07T22:20:00+07:00
617,1,2025-09-08,1,20,2025-09-08T22:20:00+07:00,2025-09-10T05:45:00+07:00,completed,2025-09-08T22:20:00+07:00,2025-09-08T22:20:00+07:00
618,1,2025-09-09,1,20,2025-09-09T22:20:00+07:00,2025-09-11T05:45:00+07:00,completed,2025-09-09T22:20:00+07:00,2025-09-09T22:20:00+07:00
619,1,2025-09-10,1,20,2025-09-10T22:20:00+07:00,2025-09-12T05:45:00+07:00,completed,2025-09-10T22:20:00+07:00,2025-09-10T22:20:00+07:00
620,1,2025-09-11,1,20,2025-09-11T22:20:00+07:00,2025-09-13T05:45:00+07:00,completed,2025-09-11T22:20:00+07:00,2025-09-11T22:20:00+07:00
621,1,2025-09-12,1,20,2025-09-12T22:20:00+07:00,2025-09-14T05:45:00+07:00,completed,2025-09-12T22:20:00+07:00,2025-09-12T22:20:00+07:00
622,1,2025-09-13,1,20,2025-09-13T22:20:00+07:00,2025-09-15T05:45:00+07:00,completed,2025-09-13T22:20:00+07:00,2025-09-13T22:20:00+07:00
623,1,2025-09-14,1,20,2025-09-14T22:20:00+07:00,2025-09-16T05:45:00+07:00,completed,2025-09-14T22:20:00+07:00,2025-09-14T22:20:00+07:00
624,1,2025-09-15,1,20,2025-09-15T22:20:00+07:00,2025-09-17T05:45:00+07:00,completed,2025-09-15T22:20:00+07:00,2025-09-15T22:20:00+07:00
625,1,2025-09-16,1,20,2025-09-16T22:20:00+07:00,2025-09-18T05:45:00+07:00,completed,2025-09-16T22:20:00+07:00,2025-09-16T22:20:00+07:00
626,1,2025-09-17,1,20,2025-09-17T22:20:00+07:00,2025-09-19T05:45:00+07:00,completed,2025-09-17T22:20:00+07:00,2025-09-17T22:20:00+07:00
627,1,2025-09-18,1,20,2025-09-18T22:20:00+07:00,2025-09-20T05:45:00+07:00,completed,2025-09-18T22:20:00+07:00,2025-09-18T22:20:00+07:00
628,1,2025-09-19,1,20,2025-09-19T22:20:00+07:00,2025-09-21T05:45:00+07:00,completed,2025-09-19T22:20:00+07:00,2025-09-19T22:20:00+07:00
629,1,2025-09-20,1,20,2025-09-20T22:20:00+07:00,2025-09-22T05:45:00+07:00,completed,2025-09-20T22:20:00+07:00,2025-09-20T22:20:00+07:00
630,1,2025-09-21,1,20,2025-09-21T22:20:00+07:00,2025-09-23T05:45:00+07:00,completed,2025-09-21T22:20:00+07:00,2025-09-21T22:20:00+07:00
631,1,2025-09-22,1,20,2025-09-22T22:20:00+07:00,2025-09-24T05:45:00+07:00,completed,2025-09-22T22:20:00+07:00,2025-09-22T22:20:00+07:00
632,1,2025-09-23,1,20,2025-09-23T22:20:00+07:00,2025-09-25T05:45:00+07:00,completed,2025-09-23T22:20:00+07:00,2025-09-23T22:20:00+07:00
633,1,2025-09-24,1,20,2025-09-24T22:20:00+07:00,2025-09-26T05:45:00+07:00,completed,2025-09-24T22:20:00+07:00,2025-09-24T22:20:00+07:00
634,1,2025-09-25,1,20,2025-09-25T22:20:00+07:00,2025-09-27T05:45:00+07:00,completed,2025-09-25T22:20:00+07:00,2025-09-25T22:20:00+07:00
635,1,2025-09-26,1,20,2025-09-26T22:20:00+07:00,2025-09-28T05:45:00+07:00,completed,2025-09-26T22:20:00+07:00,2025-09-26T22:20:00+07:00
636,1,2025-09-27,1,20,2025-09-27T22:20:00+07:00,2025-09-29T05:45:00+07:00,completed,2025-09-27T22:20:00+07:00,2025-09-27T22:20:00+07:00
637,1,2025-09-28,1,20,2025-09-28T22:20:00+07:00,2025-09-30T05:45:00+07:00,completed,2025-09-28T22:20:00+07:00,2025-09-28T22:20:00+07:00
638,1,2025-09-29,1,20,2025-09-29T22:20:00+07:00,2025-10-01T05:45:00+07:00,completed,2025-09-29T22:20:00+07:00,2025-09-29T22:20:00+07:00
639,1,2025-09-30,1,20,2025-09-30T22:20:00+07:00,2025-10-02T05:45:00+07:00,completed,2025-09-30T22:20:00+07:00,2025-09-30T22:20:00+07:00
640,1,2025-10-01,1,20,2025-10-01T22:20:00+07:00,2025-10-03T05:45:00+07:00,completed,2025-10-01T22:20:00+07:00,2025-10-01T22:20:00+07:00
641,1,2025-10-02,1,20,2025-10-02T22:20:00+07:00,2025-10-04T05:45:00+07:00,completed,2025-10-02T22:20:00+07:00,2025-10-02T22:20:00+07:00
642,1,2025-10-03,1,20,2025-10-03T22:20:00+07:00,2025-10-05T05:45:00+07:00,completed,2025-10-03T22:20:00+07:00,2025-10-03T22:20:00+07:00
643,1,2025-10-04,1,20,2025-10-04T22:20:00+07:00,2025-10-06T05:45:00+07:00,completed,2025-10-04T22:20:00+07:00,2025-10-04T22:20:00+07:00
644,1,2025-10-05,1,20,2025-10-05T22:20:00+07:00,2025-10-07T05:45:00+07:00,completed,2025-10-05T22:20:00+07:00,2025-10-05T22:20:00+07:00
645,1,2025-10-06,1,20,2025-10-06T22:20:00+07:00,2025-10-08T05:45:00+07:00,completed,2025-10-06T22:20:00+07:00,2025-10-06T22:20:00+07:00
646,1,2025-10-07,1,20,2025-10-07T22:20:00+07:00,2025-10-09T05:45:00+07:00,completed,2025-10-07T22:20:00+07:00,2025-10-07T22:20:00+07:00
647,1,2025-10-08,1,20,2025-10-08T22:20:00+07:00,2025-10-10T05:45:00+07:00,completed,2025-10-08T22:20:00+07:00,2025-10-08T22:20:00+07:00
648,1,2025-10-09,1,20,2025-10-09T22:20:00+07:00,2025-10-11T05:45:00+07:00,completed,2025-10-09T22:20:00+07:00,2025-10-09T22:20:00+07:00
649,1,2025-10-10,1,20,2025-10-10T22:20:00+07:00,2025-10-12T05:45:00+07:00,completed,2025-10-10T22:20:00+07:00,2025-10-10T22:20:00+07:00
650,1,2025-10-11,1,20,2025-10-11T22:20:00+07:00,2025-10-13T05:45:00+07:00,completed,2025-10-11T22:20:00+07:00,2025-10-11T22:20:00+07:00
651,1,2025-10-12,1,20,2025-10-12T22:20:00+07:00,2025-10-14T05:45:00+07:00,completed,2025-10-12T22:20:00+07:00,2025-10-12T22:20:00+07:00
652,1,2025-10-13,1,20,2025-10-13T22:20:00+07:00,2025-10-15T05:45:00+07:00,completed,2025-10-13T22:20:00+07:00,2025-10-13T22:20:00+07:00
653,1,2025-10-14,1,20,2025-10-14T22:20:00+07:00,2025-10-16T05:45:00+07:00,completed,2025-10-14T22:20:00+07:00,2025-10-14T22:20:00+07:00
654,1,2025-10-15,1,20,2025-10-15T22:20:00+07:00,2025-10-17T05:45:00+07:00,completed,2025-10-15T22:20:00+07:00,2025-10-15T22:20:00+07:00
655,1,2025-10-16,1,20,2025-10-16T22:20:00+07:00,2025-10-18T05:45:00+07:00,completed,2025-10-16T22:20:00+07:00,2025-10-16T22:20:00+07:00
656,1,2025-10-17,1,20,2025-10-17T22:20:00+07:00,2025-10-19T05:45:00+07:00,completed,2025-10-17T22:20:00+07:00,2025-10-17T22:20:00+07:00
657,1,2025-10-18,1,20,2025-10-18T22:20:00+07:00,2025-10-20T05:45:00+07:00,completed,2025-10-18T22:20:00+07:00,2025-10-18T22:20:00+07:00
658,1,2025-10-19,1,20,2025-10-19T22:20:00+07:00,2025-10-21T05:45:00+07:00,completed,2025-10-19T22:20:00+07:00,2025-10-19T22:20:00+07:00
659,1,2025-10-20,1,20,2025-10-20T22:20:00+07:00,2025-10-22T05:45:00+07:00,completed,2025-10-20T22:20:00+07:00,2025-10-20T22:20:00+07:00
660,1,2025-10-21,1,20,2025-10-21T22:20:00+07:00,2025-10-23T05:45:00+07:00,completed,2025-10-21T22:20:00+07:00,2025-10-21T22:20:00+07:00
661,1,2025-10-22,1,20,2025-10-22T22:20:00+07:00,2025-10-24T05:45:00+07:00,completed,2025-10-22T22:20:00+07:00,2025-10-22T22:20:00+07:00
662,1,2025-10-23,1,20,2025-10-23T22:20:00+07:00,2025-10-25T05:45:00+07:00,completed,2025-10-23T22:20:00+07:00,2025-10-23T22:20:00+07:00
663,1,2025-10-24,1,20,2025-10-24T22:20:00+07:00,2025-10-26T05:45:00+07:00,completed,2025-10-24T22:20:00+07:00,2025-10-24T22:20:00+07:00
664,1,2025-10-25,1,20,2025-10-25T22:20:00+07:00,2025-10-27T05:45:00+07:00,completed,2025-10-25T22:20:00+07:00,2025-10-25T22:20:00+07:00
665,1,2025-10-26,1,20,2025-10-26T22:20:00+07:00,2025-10-28T05:45:00+07:00,completed,2025-10-26T22:20:00+07:00,2025-10-26T22:20:00+07:00
666,1,2025-10-27,1,20,2025-10-27T22:20:00+07:00,2025-10-29T05:45:00+07:00,completed,2025-10-27T22:20:00+07:00,2025-10-27T22:20:00+07:00
667,1,2025-10-28,1,20,2025-10-28T22:20:00+07:00,2025-10-30T05:45:00+07:00,completed,2025-10-28T22:20:00+07:00,2025-10-28T22:20:00+07:00
668,1,2025-10-29,1,20,2025-10-29T22:20:00+07:00,2025-10-31T05:45:00+07:00,completed,2025-10-29T22:20:00+07:00,2025-10-29T22:20:00+07:00
669,1,2025-10-30,1,20,2025-10-30T22:20:00+07:00,2025-11-01T05:45:00+07:00,completed,2025-10-30T22:20:00+07:00,2025-10-30T22:20:00+07:00
670,1,2025-10-31,1,20,2025-10-31T22:20:00+07:00,2025-11-02T05:45:00+07:00,completed,2025-10-31T22:20:00+07:00,2025-10-31T22:20:00+07:00
671,1,2025-11-01,1,20,2025-11-01T22:20:00+07:00,2025-11-03T05:45:00+07:00,completed,2025-11-01T22:20:00+07:00,2025-11-01T22:20:00+07:00
672,1,2025-11-02,1,20,2025-11-02T22:20:00+07:00,2025-11-04T05:45:00+07:00,completed,2025-11-02T22:20:00+07:00,2025-11-02T22:20:00+07:00
673,1,2025-11-03,1,20,2025-11-03T22:20:00+07:00,2025-11-05T05:45:00+07:00,completed,2025-11-03T22:20:00+07:00,2025-11-03T22:20:00+07:00
674,1,2025-11-04,1,20,2025-11-04T22:20:00+07:00,2025-11-06T05:45:00+07:00,completed,2025-11-04T22:20:00+07:00,2025-11-04T22:20:00+07:00
675,1,2025-11-05,1,20,2025-11-05T22:20:00+07:00,2025-11-07T05:45:00+07:00,completed,2025-11-05T22:20:00+07:00,2025-11-05T22:20:00+07:00
676,1,2025-11-06,1,20,2025-11-06T22:20:00+07:00,2025-11-08T05:45:00+07:00,completed,2025-11-06T22:20:00+07:00,2025-11-06T22:20:00+07:00
677,1,2025-11-07,1,20,2025-11-07T22:20:00+07:00,2025-11-09T05:45:00+07:00,completed,2025-11-07T22:20:00+07:00,2025-11-07T22:20:00+07:00
678,1,2025-11-08,1,20,2025-11-08T22:20:00+07:00,2025-11-10T05:45:00+07:00,completed,2025-11-08T22:20:00+07:00,2025-11-08T22:20:00+07:00
679,1,2025-11-09,1,20,2025-11-09T22:20:00+07:00,2025-11-11T05:45:00+07:00,completed,2025-11-09T22:20:00+07:00,2025-11-09T22:20:00+07:00
680,1,2025-11-10,1,20,2025-11-10T22:20:00+07:00,2025-11-12T05:45:00+07:00,completed,2025-11-10T22:20:00+07:00,2025-11-10T22:20:00+07:00
681,1,2025-11-11,1,20,2025-11-11T22:20:00+07:00,2025-11-13T05:45:00+07:00,completed,2025-11-11T22:20:00+07:00,2025-11-11T22:20:00+07:00
682,1,2025-11-12,1,20,2025-11-12T22:20:00+07:00,2025-11-14T05:45:00+07:00,completed,2025-11-12T22:20:00+07:00,2025-11-12T22:20:00+07:00
683,1,2025-11-13,1,20,2025-11-13T22:20:00+07:00,2025-11-15T05:45:00+07:00,completed,2025-11-13T22:20:00+07:00,2025-11-13T22:20:00+07:00
684,1,2025-11-14,1,20,2025-11-14T22:20:00+07:00,2025-11-16T05:45:00+07:00,completed,2025-11-14T22:20:00+07:00,2025-11-14T22:20:00+07:00
685,1,2025-11-15,1,20,2025-11-15T22:20:00+07:00,2025-11-17T05:45:00+07:00,completed,2025-11-15T22:20:00+07:00,2025-11-15T22:20:00+07:00
686,1,2025-11-16,1,20,2025-11-16T22:20:00+07:00,2025-11-18T05:45:00+07:00,completed,2025-11-16T22:20:00+07:00,2025-11-16T22:20:00+07:00
687,1,2025-11-17,1,20,2025-11-17T22:20:00+07:00,2025-11-19T05:45:00+07:00,completed,2025-11-17T22:20:00+07:00,2025-11-17T22:20:00+07:00
688,1,2025-11-18,1,20,2025-11-18T22:20:00+07:00,2025-11-20T05:45:00+07:00,completed,2025-11-18T22:20:00+07:00,2025-11-18T22:20:00+07:00
689,1,2025-11-19,1,20,2025-11-19T22:20:00+07:00,2025-11-21T05:45:00+07:00,completed,2025-11-19T22:20:00+07:00,2025-11-19T22:20:00+07:00
690,1,2025-11-20,1,20,2025-11-20T22:20:00+07:00,2025-11-22T05:45:00+07:00,completed,2025-11-20T22:20:00+07:00,2025-11-20T22:20:00+07:00
691,1,2025-11-21,1,20,2025-11-21T22:20:00+07:00,2025-11-23T05:45:00+07:00,completed,2025-11-21T22:20:00+07:00,2025-11-21T22:20:00+07:00
692,1,2025-11-22,1,20,2025-11-22T22:20:00+07:00,2025-11-24T05:45:00+07:00,completed,2025-11-22T22:20:00+07:00,2025-11-22T22:20:00+07:00
693,1,2025-11-23,1,20,2025-11-23T22:20:00+07:00,2025-11-25T05:45:00+07:00,completed,2025-11-23T22:20:00+07:00,2025-11-23T22:20:00+07:00
694,1,2025-11-24,1,20,2025-11-24T22:20:00+07:00,2025-11-26T05:45:00+07:00,completed,2025-11-24T22:20:00+07:00,2025-11-24T22:20:00+07:00
695,1,2025-11-25,1,20,2025-11-25T22:20:00+07:00,2025-11-27T05:45:00+07:00,completed,2025-11-25T22:20:00+07:00,2025-11-25T22:20:00+07:00
696,1,2025-11-26,1,20,2025-11-26T22:20:00+07:00,2025-11-28T05:45:00+07:00,completed,2025-11-26T22:20:00+07:00,2025-11-26T22:20:00+07:00
697,1,2025-11-27,1,20,2025-11-27T22:20:00+07:00,2025-11-29T05:45:00+07:00,completed,2025-11-27T22:20:00+07:00,2025-11-27T22:20:00+07:00
698,1,2025-11-28,1,20,2025-11-28T22:20:00+07:00,2025-11-30T05:45:00+07:00,completed,2025-11-28T22:20:00+07:00,2025-11-28T22:20:00+07:00
699,1,2025-11-29,1,20,2025-11-29T22:20:00+07:00,2025-12-01T05:45:00+07:00,completed,2025-11-29T22:20:00+07:00,2025-11-29T22:20:00+07:00
700,1,2025-11-30,1,20,2025-11-30T22:20:00+07:00,2025-12-02T05:45:00+07:00,completed,2025-11-30T22:20:00+07:00,2025-11-30T22:20:00+07:00
701,1,2025-12-01,1,20,2025-12-01T22:20:00+07:00,2025-12-03T05:45:00+07:00,completed,2025-12-01T22:20:00+07:00,2025-12-01T22:20:00+07:00
702,1,2025-12-02,1,20,2025-12-02T22:20:00+07:00,2025-12-04T05:45:00+07:00,completed,2025-12-02T22:20:00+07:00,2025-12-02T22:20:00+07:00
703,1,2025-12-03,1,20,2025-12-03T22:20:00+07:00,2025-12-05T05:45:00+07:00,completed,2025-12-03T22:20:00+07:00,2025-12-03T22:20:00+07:00
704,1,2025-12-04,1,20,2025-12-04T22:20:00+07:00,2025-12-06T05:45:00+07:00,completed,2025-12-04T22:20:00+07:00,2025-12-04T22:20:00+07:00
705,1,2025-12-05,1,20,2025-12-05T22:20:00+07:00,2025-12-07T05:45:00+07:00,completed,2025-12-05T22:20:00+07:00,2025-12-05T22:20:00+07:00
706,1,2025-12-06,1,20,2025-12-06T22:20:00+07:00,2025-12-08T05:45:00+07:00,completed,2025-12-06T22:20:00+07:00,2025-12-06T22:20:00+07:00
707,1,2025-12-07,1,20,2025-12-07T22:20:00+07:00,2025-12-09T05:45:00+07:00,completed,2025-12-07T22:20:00+07:00,2025-12-07T22:20:00+07:00
708,1,2025-12-08,1,20,2025-12-08T22:20:00+07:00,2025-12-10T05:45:00+07:00,completed,2025-12-08T22:20:00+07:00,2025-12-08T22:20:00+07:00
709,1,2025-12-09,1,20,2025-12-09T22:20:00+07:00,2025-12-11T05:45:00+07:00,completed,2025-12-09T22:20:00+07:00,2025-12-09T22:20:00+07:00
710,1,2025-12-10,1,20,2025-12-10T22:20:00+07:00,2025-12-12T05:45:00+07:00,completed,2025-12-10T22:20:00+07:00,2025-12-10T22:20:00+07:00
711,1,2025-12-11,1,20,2025-12-11T22:20:00+07:00,2025-12-13T05:45:00+07:00,completed,2025-12-11T22:20:00+07:00,2025-12-11T22:20:00+07:00
712,1,2025-12-12,1,20,2025-12-12T22:20:00+07:00,2025-12-14T05:45:00+07:00,completed,2025-12-12T22:20:00+07:00,2025-12-12T22:20:00+07:00
713,1,2025-12-13,1,20,2025-12-13T22:20:00+07:00,2025-12-15T05:45:00+07:00,completed,2025-12-13T22:20:00+07:00,2025-12-13T22:20:00+07:00
714,1,2025-12-14,1,20,2025-12-14T22:20:00+07:00,2025-12-16T05:45:00+07:00,completed,2025-12-14T22:20:00+07:00,2025-12-14T22:20:00+07:00
715,1,2025-12-15,1,20,2025-12-15T22:20:00+07:00,2025-12-17T05:45:00+07:00,completed,2025-12-15T22:20:00+07:00,2025-12-15T22:20:00+07:00
716,1,2025-12-16,1,20,2025-12-16T22:20:00+07:00,2025-12-18T05:45:00+07:00,completed,2025-12-16T22:20:00+07:00,2025-12-16T22:20:00+07:00
717,1,2025-12-17,1,20,2025-12-17T22:20:00+07:00,2025-12-19T05:45:00+07:00,completed,2025-12-17T22:20:00+07:00,2025-12-17T22:20:00+07:00
718,1,2025-12-18,1,20,2025-12-18T22:20:00+07:00,2025-12-20T05:45:00+07:00,completed,2025-12-18T22:20:00+07:00,2025-12-18T22:20:00+07:00
719,1,2025-12-19,1,20,2025-12-19T22:20:00+07:00,2025-12-21T05:45:00+07:00,completed,2025-12-19T22:20:00+07:00,2025-12-19T22:20:00+07:00
720,1,2025-12-20,1,20,2025-12-20T22:20:00+07:00,2025-12-22T05:45:00+07:00,completed,2025-12-20T22:20:00+07:00,2025-12-20T22:20:00+07:00
721,1,2025-12-21,1,20,2025-12-21T22:20:00+07:00,2025-12-23T05:45:00+07:00,completed,2025-12-21T22:20:00+07:00,2025-12-21T22:20:00+07:00
722,1,2025-12-22,1,20,2025-12-22T22:20:00+07:00,2025-12-24T05:45:00+07:00,completed,2025-12-22T22:20:00+07:00,2025-12-22T22:20:00+07:00
723,1,2025-12-23,1,20,2025-12-23T22:20:00+07:00,2025-12-25T05:45:00+07:00,completed,2025-12-23T22:20:00+07:00,2025-12-23T22:20:00+07:00
724,1,2025-12-24,1,20,2025-12-24T22:20:00+07:00,2025-12-26T05:45:00+07:00,completed,2025-12-24T22:20:00+07:00,2025-12-24T22:20:00+07:00
725,1,2025-12-25,1,20,2025-12-25T22:20:00+07:00,2025-12-27T05:45:00+07:00,completed,2025-12-25T22:20:00+07:00,2025-12-25T22:20:00+07:00
726,1,2025-12-26,1,20,2025-12-26T22:20:00+07:00,2025-12-28T05:45:00+07:00,completed,2025-12-26T22:20:00+07:00,2025-12-26T22:20:00+07:00
727,1,2025-12-27,1,20,2025-12-27T22:20:00+07:00,2025-12-29T05:45:00+07:00,completed,2025-12-27T22:20:00+07:00,2025-12-27T22:20:00+07:00
728,1,2025-12-28,1,20,2025-12-28T22:20:00+07:00,2025-12-30T05:45:00+07:00,completed,2025-12-28T22:20:00+07:00,2025-12-28T22:20:00+07:00
729,1,2025-12-29,1,20,2025-12-29T22:20:00+07:00,2025-12-31T05:45:00+07:00,completed,2025-12-29T22:20:00+07:00,2025-12-29T22:20:00+07:00
730,1,2025-12-30,1,20,2025-12-30T22:20:00+07:00,2026-01-01T05:45:00+07:00,completed,2025-12-30T22:20:00+07:00,2025-12-30T22:20:00+07:00
